CustomerID,cluster,cluster_source,k
12346,1,kmeans,3
12347,3,kmeans,3
12348,1,kmeans,3
12349,1,kmeans,3
12350,2,kmeans,3
12352,3,kmeans,3
12353,2,kmeans,3
12354,1,kmeans,3
12355,2,kmeans,3
12356,3,kmeans,3
12357,1,kmeans,3
12358,1,kmeans,3
12359,3,kmeans,3
12360,1,kmeans,3
12361,2,kmeans,3
12362,3,kmeans,3
12363,1,kmeans,3
12364,1,kmeans,3
12365,2,kmeans,3
12367,2,kmeans,3
12370,3,kmeans,3
12371,1,kmeans,3
12372,1,kmeans,3
12373,2,kmeans,3
12374,1,kmeans,3
12375,2,kmeans,3
12377,1,kmeans,3
12378,1,kmeans,3
12379,1,kmeans,3
12380,3,kmeans,3
12381,1,kmeans,3
12383,1,kmeans,3
12384,1,kmeans,3
12386,2,kmeans,3
12388,3,kmeans,3
12390,1,kmeans,3
12391,1,kmeans,3
12393,1,kmeans,3
12394,1,kmeans,3
12395,3,kmeans,3
12397,1,kmeans,3
12398,1,kmeans,3
12399,1,kmeans,3
12401,2,kmeans,3
12402,2,kmeans,3
12403,2,kmeans,3
12405,1,kmeans,3
12406,1,kmeans,3
12407,1,kmeans,3
12408,3,kmeans,3
12409,1,kmeans,3
12410,2,kmeans,3
12412,1,kmeans,3
12413,1,kmeans,3
12414,2,kmeans,3
12415,3,kmeans,3
12417,3,kmeans,3
12418,1,kmeans,3
12420,1,kmeans,3
12421,3,kmeans,3
12422,1,kmeans,3
12423,3,kmeans,3
12424,1,kmeans,3
12425,1,kmeans,3
12426,1,kmeans,3
12427,1,kmeans,3
12428,3,kmeans,3
12429,3,kmeans,3
12430,2,kmeans,3
12431,3,kmeans,3
12432,1,kmeans,3
12433,3,kmeans,3
12434,1,kmeans,3
12435,1,kmeans,3
12436,2,kmeans,3
12437,3,kmeans,3
12438,1,kmeans,3
12441,2,kmeans,3
12442,2,kmeans,3
12444,3,kmeans,3
12445,2,kmeans,3
12446,1,kmeans,3
12447,2,kmeans,3
12448,2,kmeans,3
12449,3,kmeans,3
12450,2,kmeans,3
12451,3,kmeans,3
12452,1,kmeans,3
12453,1,kmeans,3
12454,1,kmeans,3
12455,3,kmeans,3
12456,1,kmeans,3
12457,1,kmeans,3
12458,1,kmeans,3
12461,1,kmeans,3
12462,1,kmeans,3
12463,1,kmeans,3
12464,3,kmeans,3
12465,1,kmeans,3
12468,1,kmeans,3
12471,3,kmeans,3
12472,3,kmeans,3
12473,1,kmeans,3
12474,3,kmeans,3
12475,1,kmeans,3
12476,3,kmeans,3
12477,3,kmeans,3
12478,1,kmeans,3
12479,1,kmeans,3
12480,3,kmeans,3
12481,3,kmeans,3
12483,3,kmeans,3
12484,3,kmeans,3
12488,1,kmeans,3
12489,2,kmeans,3
12490,3,kmeans,3
12491,1,kmeans,3
12492,2,kmeans,3
12493,2,kmeans,3
12494,3,kmeans,3
12497,1,kmeans,3
12498,2,kmeans,3
12500,3,kmeans,3
12501,1,kmeans,3
12502,3,kmeans,3
12504,2,kmeans,3
12506,2,kmeans,3
12507,1,kmeans,3
12508,1,kmeans,3
12509,2,kmeans,3
12510,1,kmeans,3
12512,2,kmeans,3
12513,1,kmeans,3
12514,1,kmeans,3
12515,2,kmeans,3
12516,1,kmeans,3
12517,3,kmeans,3
12518,3,kmeans,3
12519,2,kmeans,3
12520,3,kmeans,3
12521,1,kmeans,3
12522,2,kmeans,3
12523,3,kmeans,3
12524,3,kmeans,3
12526,3,kmeans,3
12527,2,kmeans,3
12528,3,kmeans,3
12530,1,kmeans,3
12531,2,kmeans,3
12532,2,kmeans,3
12534,1,kmeans,3
12535,1,kmeans,3
12536,1,kmeans,3
12538,1,kmeans,3
12539,3,kmeans,3
12540,3,kmeans,3
12541,1,kmeans,3
12544,2,kmeans,3
12545,1,kmeans,3
12546,1,kmeans,3
12547,2,kmeans,3
12548,2,kmeans,3
12550,1,kmeans,3
12551,2,kmeans,3
12552,2,kmeans,3
12553,3,kmeans,3
12556,1,kmeans,3
12557,3,kmeans,3
12558,2,kmeans,3
12559,2,kmeans,3
12560,1,kmeans,3
12561,2,kmeans,3
12562,3,kmeans,3
12564,2,kmeans,3
12565,2,kmeans,3
12566,2,kmeans,3
12567,3,kmeans,3
12569,3,kmeans,3
12571,1,kmeans,3
12572,1,kmeans,3
12573,2,kmeans,3
12574,2,kmeans,3
12576,3,kmeans,3
12577,3,kmeans,3
12578,3,kmeans,3
12579,1,kmeans,3
12580,2,kmeans,3
12581,2,kmeans,3
12582,2,kmeans,3
12583,3,kmeans,3
12584,3,kmeans,3
12585,1,kmeans,3
12586,2,kmeans,3
12587,2,kmeans,3
12588,2,kmeans,3
12589,1,kmeans,3
12590,1,kmeans,3
12591,2,kmeans,3
12592,2,kmeans,3
12593,2,kmeans,3
12594,3,kmeans,3
12596,1,kmeans,3
12597,3,kmeans,3
12598,3,kmeans,3
12599,3,kmeans,3
12600,3,kmeans,3
12601,2,kmeans,3
12602,2,kmeans,3
12603,2,kmeans,3
12604,2,kmeans,3
12607,1,kmeans,3
12609,1,kmeans,3
12610,1,kmeans,3
12611,1,kmeans,3
12612,1,kmeans,3
12613,3,kmeans,3
12614,2,kmeans,3
12615,3,kmeans,3
12616,1,kmeans,3
12617,1,kmeans,3
12618,2,kmeans,3
12619,3,kmeans,3
12620,1,kmeans,3
12621,3,kmeans,3
12622,2,kmeans,3
12623,2,kmeans,3
12624,1,kmeans,3
12625,1,kmeans,3
12626,3,kmeans,3
12627,3,kmeans,3
12628,1,kmeans,3
12630,1,kmeans,3
12631,1,kmeans,3
12633,1,kmeans,3
12635,1,kmeans,3
12637,3,kmeans,3
12638,1,kmeans,3
12639,2,kmeans,3
12640,1,kmeans,3
12641,2,kmeans,3
12642,1,kmeans,3
12643,1,kmeans,3
12644,1,kmeans,3
12645,3,kmeans,3
12646,1,kmeans,3
12647,3,kmeans,3
12648,2,kmeans,3
12649,1,kmeans,3
12650,2,kmeans,3
12651,2,kmeans,3
12652,1,kmeans,3
12653,1,kmeans,3
12654,3,kmeans,3
12656,3,kmeans,3
12657,1,kmeans,3
12658,1,kmeans,3
12659,2,kmeans,3
12660,2,kmeans,3
12662,3,kmeans,3
12664,3,kmeans,3
12665,2,kmeans,3
12667,1,kmeans,3
12668,3,kmeans,3
12669,1,kmeans,3
12670,3,kmeans,3
12672,2,kmeans,3
12673,3,kmeans,3
12674,1,kmeans,3
12676,3,kmeans,3
12678,3,kmeans,3
12679,1,kmeans,3
12680,3,kmeans,3
12681,3,kmeans,3
12682,3,kmeans,3
12683,3,kmeans,3
12684,3,kmeans,3
12685,1,kmeans,3
12686,2,kmeans,3
12688,1,kmeans,3
12689,1,kmeans,3
12690,2,kmeans,3
12691,3,kmeans,3
12693,1,kmeans,3
12694,1,kmeans,3
12695,1,kmeans,3
12697,1,kmeans,3
12700,3,kmeans,3
12701,1,kmeans,3
12702,2,kmeans,3
12703,2,kmeans,3
12704,3,kmeans,3
12705,3,kmeans,3
12707,1,kmeans,3
12708,3,kmeans,3
12709,3,kmeans,3
12710,1,kmeans,3
12712,3,kmeans,3
12713,1,kmeans,3
12714,3,kmeans,3
12715,2,kmeans,3
12716,1,kmeans,3
12717,1,kmeans,3
12718,2,kmeans,3
12719,1,kmeans,3
12720,3,kmeans,3
12721,3,kmeans,3
12722,1,kmeans,3
12723,1,kmeans,3
12724,3,kmeans,3
12725,2,kmeans,3
12726,3,kmeans,3
12727,3,kmeans,3
12728,1,kmeans,3
12729,1,kmeans,3
12731,3,kmeans,3
12732,2,kmeans,3
12733,2,kmeans,3
12734,2,kmeans,3
12735,1,kmeans,3
12736,2,kmeans,3
12738,2,kmeans,3
12739,1,kmeans,3
12740,1,kmeans,3
12743,1,kmeans,3
12744,3,kmeans,3
12747,3,kmeans,3
12748,3,kmeans,3
12749,3,kmeans,3
12750,2,kmeans,3
12752,1,kmeans,3
12753,3,kmeans,3
12754,1,kmeans,3
12755,1,kmeans,3
12756,2,kmeans,3
12757,3,kmeans,3
12758,1,kmeans,3
12759,1,kmeans,3
12762,1,kmeans,3
12763,1,kmeans,3
12764,1,kmeans,3
12766,3,kmeans,3
12769,1,kmeans,3
12770,1,kmeans,3
12772,1,kmeans,3
12775,3,kmeans,3
12778,3,kmeans,3
12779,3,kmeans,3
12781,1,kmeans,3
12782,3,kmeans,3
12783,3,kmeans,3
12784,1,kmeans,3
12785,2,kmeans,3
12787,1,kmeans,3
12789,2,kmeans,3
12790,2,kmeans,3
12791,2,kmeans,3
12792,2,kmeans,3
12793,2,kmeans,3
12794,1,kmeans,3
12795,2,kmeans,3
12797,2,kmeans,3
12798,1,kmeans,3
12802,2,kmeans,3
12808,1,kmeans,3
12809,2,kmeans,3
12811,2,kmeans,3
12812,2,kmeans,3
12814,2,kmeans,3
12815,1,kmeans,3
12816,1,kmeans,3
12817,2,kmeans,3
12818,1,kmeans,3
12820,3,kmeans,3
12821,2,kmeans,3
12822,1,kmeans,3
12823,1,kmeans,3
12824,1,kmeans,3
12826,3,kmeans,3
12827,1,kmeans,3
12828,3,kmeans,3
12829,2,kmeans,3
12830,1,kmeans,3
12831,2,kmeans,3
12832,1,kmeans,3
12833,1,kmeans,3
12834,2,kmeans,3
12836,3,kmeans,3
12837,2,kmeans,3
12838,1,kmeans,3
12839,3,kmeans,3
12840,1,kmeans,3
12841,3,kmeans,3
12842,1,kmeans,3
12843,3,kmeans,3
12844,1,kmeans,3
12845,2,kmeans,3
12847,1,kmeans,3
12849,1,kmeans,3
12851,2,kmeans,3
12852,2,kmeans,3
12853,1,kmeans,3
12854,1,kmeans,3
12855,2,kmeans,3
12856,3,kmeans,3
12857,1,kmeans,3
12863,2,kmeans,3
12864,2,kmeans,3
12865,1,kmeans,3
12866,1,kmeans,3
12867,3,kmeans,3
12868,1,kmeans,3
12871,2,kmeans,3
12872,1,kmeans,3
12873,2,kmeans,3
12875,2,kmeans,3
12876,1,kmeans,3
12877,3,kmeans,3
12878,1,kmeans,3
12879,2,kmeans,3
12881,2,kmeans,3
12882,1,kmeans,3
12883,1,kmeans,3
12884,2,kmeans,3
12885,1,kmeans,3
12886,1,kmeans,3
12888,2,kmeans,3
12890,1,kmeans,3
12891,2,kmeans,3
12893,2,kmeans,3
12895,2,kmeans,3
12897,2,kmeans,3
12901,3,kmeans,3
12902,2,kmeans,3
12904,1,kmeans,3
12906,1,kmeans,3
12908,2,kmeans,3
12909,3,kmeans,3
12910,3,kmeans,3
12912,1,kmeans,3
12913,3,kmeans,3
12915,2,kmeans,3
12916,1,kmeans,3
12917,2,kmeans,3
12919,3,kmeans,3
12920,2,kmeans,3
12921,3,kmeans,3
12922,1,kmeans,3
12923,2,kmeans,3
12924,1,kmeans,3
12925,1,kmeans,3
12928,3,kmeans,3
12929,2,kmeans,3
12930,2,kmeans,3
12931,3,kmeans,3
12933,1,kmeans,3
12935,3,kmeans,3
12936,1,kmeans,3
12937,3,kmeans,3
12938,2,kmeans,3
12939,3,kmeans,3
12940,1,kmeans,3
12942,1,kmeans,3
12944,1,kmeans,3
12945,1,kmeans,3
12947,1,kmeans,3
12948,3,kmeans,3
12949,3,kmeans,3
12950,1,kmeans,3
12951,3,kmeans,3
12952,1,kmeans,3
12953,1,kmeans,3
12955,3,kmeans,3
12956,2,kmeans,3
12957,3,kmeans,3
12962,2,kmeans,3
12963,3,kmeans,3
12965,1,kmeans,3
12966,2,kmeans,3
12967,1,kmeans,3
12968,2,kmeans,3
12970,3,kmeans,3
12971,3,kmeans,3
12974,2,kmeans,3
12976,1,kmeans,3
12977,2,kmeans,3
12980,1,kmeans,3
12981,2,kmeans,3
12982,2,kmeans,3
12984,2,kmeans,3
12985,1,kmeans,3
12987,1,kmeans,3
12988,1,kmeans,3
12989,3,kmeans,3
12990,2,kmeans,3
12991,1,kmeans,3
12993,1,kmeans,3
12994,3,kmeans,3
12995,2,kmeans,3
12997,3,kmeans,3
12999,2,kmeans,3
13000,1,kmeans,3
13001,3,kmeans,3
13002,2,kmeans,3
13003,2,kmeans,3
13004,3,kmeans,3
13005,1,kmeans,3
13006,2,kmeans,3
13008,2,kmeans,3
13011,2,kmeans,3
13012,3,kmeans,3
13013,3,kmeans,3
13014,3,kmeans,3
13015,3,kmeans,3
13016,1,kmeans,3
13017,2,kmeans,3
13018,3,kmeans,3
13021,3,kmeans,3
13023,1,kmeans,3
13026,3,kmeans,3
13027,1,kmeans,3
13028,1,kmeans,3
13029,1,kmeans,3
13030,3,kmeans,3
13032,1,kmeans,3
13033,2,kmeans,3
13034,1,kmeans,3
13035,1,kmeans,3
13037,1,kmeans,3
13038,1,kmeans,3
13040,1,kmeans,3
13043,2,kmeans,3
13044,1,kmeans,3
13045,2,kmeans,3
13046,1,kmeans,3
13047,3,kmeans,3
13048,3,kmeans,3
13049,1,kmeans,3
13050,3,kmeans,3
13052,2,kmeans,3
13055,1,kmeans,3
13058,2,kmeans,3
13059,2,kmeans,3
13060,2,kmeans,3
13061,2,kmeans,3
13062,2,kmeans,3
13064,3,kmeans,3
13065,2,kmeans,3
13066,1,kmeans,3
13067,2,kmeans,3
13068,2,kmeans,3
13069,3,kmeans,3
13070,2,kmeans,3
13072,2,kmeans,3
13075,1,kmeans,3
13077,3,kmeans,3
13078,3,kmeans,3
13079,2,kmeans,3
13080,2,kmeans,3
13081,3,kmeans,3
13082,3,kmeans,3
13083,2,kmeans,3
13085,2,kmeans,3
13089,3,kmeans,3
13090,3,kmeans,3
13091,1,kmeans,3
13092,1,kmeans,3
13093,1,kmeans,3
13094,3,kmeans,3
13095,2,kmeans,3
13097,3,kmeans,3
13098,3,kmeans,3
13099,2,kmeans,3
13101,2,kmeans,3
13102,3,kmeans,3
13103,2,kmeans,3
13104,3,kmeans,3
13106,2,kmeans,3
13107,3,kmeans,3
13108,2,kmeans,3
13109,1,kmeans,3
13110,3,kmeans,3
13113,3,kmeans,3
13115,3,kmeans,3
13116,1,kmeans,3
13117,3,kmeans,3
13118,3,kmeans,3
13120,2,kmeans,3
13121,2,kmeans,3
13122,1,kmeans,3
13124,3,kmeans,3
13126,3,kmeans,3
13127,2,kmeans,3
13130,2,kmeans,3
13131,1,kmeans,3
13132,2,kmeans,3
13133,2,kmeans,3
13134,1,kmeans,3
13135,1,kmeans,3
13136,1,kmeans,3
13137,3,kmeans,3
13138,3,kmeans,3
13139,3,kmeans,3
13140,1,kmeans,3
13141,3,kmeans,3
13142,2,kmeans,3
13144,2,kmeans,3
13145,1,kmeans,3
13146,2,kmeans,3
13147,2,kmeans,3
13148,3,kmeans,3
13149,3,kmeans,3
13151,1,kmeans,3
13153,1,kmeans,3
13155,3,kmeans,3
13157,1,kmeans,3
13158,1,kmeans,3
13159,3,kmeans,3
13160,2,kmeans,3
13161,2,kmeans,3
13162,1,kmeans,3
13165,1,kmeans,3
13166,1,kmeans,3
13167,1,kmeans,3
13168,3,kmeans,3
13169,1,kmeans,3
13170,2,kmeans,3
13171,1,kmeans,3
13173,3,kmeans,3
13174,3,kmeans,3
13176,1,kmeans,3
13177,2,kmeans,3
13178,3,kmeans,3
13182,2,kmeans,3
13183,3,kmeans,3
13184,3,kmeans,3
13185,2,kmeans,3
13186,1,kmeans,3
13187,2,kmeans,3
13188,2,kmeans,3
13189,2,kmeans,3
13192,1,kmeans,3
13193,2,kmeans,3
13194,2,kmeans,3
13196,3,kmeans,3
13198,3,kmeans,3
13199,3,kmeans,3
13200,1,kmeans,3
13203,3,kmeans,3
13207,2,kmeans,3
13208,3,kmeans,3
13209,3,kmeans,3
13210,2,kmeans,3
13211,3,kmeans,3
13212,1,kmeans,3
13213,1,kmeans,3
13216,2,kmeans,3
13217,2,kmeans,3
13218,2,kmeans,3
13220,1,kmeans,3
13221,1,kmeans,3
13223,2,kmeans,3
13224,1,kmeans,3
13225,3,kmeans,3
13226,2,kmeans,3
13227,2,kmeans,3
13228,2,kmeans,3
13229,2,kmeans,3
13230,3,kmeans,3
13232,3,kmeans,3
13233,1,kmeans,3
13235,1,kmeans,3
13236,1,kmeans,3
13238,3,kmeans,3
13239,2,kmeans,3
13240,1,kmeans,3
13242,2,kmeans,3
13243,1,kmeans,3
13244,2,kmeans,3
13245,1,kmeans,3
13246,3,kmeans,3
13247,1,kmeans,3
13248,1,kmeans,3
13249,1,kmeans,3
13253,1,kmeans,3
13255,1,kmeans,3
13258,1,kmeans,3
13259,1,kmeans,3
13260,1,kmeans,3
13261,1,kmeans,3
13262,2,kmeans,3
13263,3,kmeans,3
13265,3,kmeans,3
13266,3,kmeans,3
13267,3,kmeans,3
13268,3,kmeans,3
13269,3,kmeans,3
13270,2,kmeans,3
13271,2,kmeans,3
13272,2,kmeans,3
13273,2,kmeans,3
13276,1,kmeans,3
13277,2,kmeans,3
13278,1,kmeans,3
13279,2,kmeans,3
13280,1,kmeans,3
13282,1,kmeans,3
13283,2,kmeans,3
13284,2,kmeans,3
13285,3,kmeans,3
13291,1,kmeans,3
13292,1,kmeans,3
13294,1,kmeans,3
13295,2,kmeans,3
13296,2,kmeans,3
13297,1,kmeans,3
13298,2,kmeans,3
13299,2,kmeans,3
13300,2,kmeans,3
13301,1,kmeans,3
13302,2,kmeans,3
13304,2,kmeans,3
13305,3,kmeans,3
13307,2,kmeans,3
13308,1,kmeans,3
13309,3,kmeans,3
13310,3,kmeans,3
13311,1,kmeans,3
13313,3,kmeans,3
13314,1,kmeans,3
13316,3,kmeans,3
13317,3,kmeans,3
13318,1,kmeans,3
13319,3,kmeans,3
13320,1,kmeans,3
13321,2,kmeans,3
13322,2,kmeans,3
13323,1,kmeans,3
13324,3,kmeans,3
13325,1,kmeans,3
13327,3,kmeans,3
13328,1,kmeans,3
13329,1,kmeans,3
13330,1,kmeans,3
13332,1,kmeans,3
13334,3,kmeans,3
13336,1,kmeans,3
13338,2,kmeans,3
13339,1,kmeans,3
13340,3,kmeans,3
13341,1,kmeans,3
13343,2,kmeans,3
13344,1,kmeans,3
13345,2,kmeans,3
13347,2,kmeans,3
13348,2,kmeans,3
13349,2,kmeans,3
13350,1,kmeans,3
13351,2,kmeans,3
13352,2,kmeans,3
13354,1,kmeans,3
13355,1,kmeans,3
13356,1,kmeans,3
13357,1,kmeans,3
13358,2,kmeans,3
13359,1,kmeans,3
13362,3,kmeans,3
13363,1,kmeans,3
13364,2,kmeans,3
13365,1,kmeans,3
13366,2,kmeans,3
13368,1,kmeans,3
13369,2,kmeans,3
13370,1,kmeans,3
13372,2,kmeans,3
13373,1,kmeans,3
13375,1,kmeans,3
13376,1,kmeans,3
13379,1,kmeans,3
13381,3,kmeans,3
13382,2,kmeans,3
13384,3,kmeans,3
13385,1,kmeans,3
13388,1,kmeans,3
13389,1,kmeans,3
13390,1,kmeans,3
13391,2,kmeans,3
13394,3,kmeans,3
13395,2,kmeans,3
13396,1,kmeans,3
13397,1,kmeans,3
13398,1,kmeans,3
13402,1,kmeans,3
13403,2,kmeans,3
13404,2,kmeans,3
13405,1,kmeans,3
13408,3,kmeans,3
13410,1,kmeans,3
13411,2,kmeans,3
13414,1,kmeans,3
13416,1,kmeans,3
13417,1,kmeans,3
13418,3,kmeans,3
13419,2,kmeans,3
13420,2,kmeans,3
13421,1,kmeans,3
13422,1,kmeans,3
13425,1,kmeans,3
13426,3,kmeans,3
13427,1,kmeans,3
13428,2,kmeans,3
13429,1,kmeans,3
13430,1,kmeans,3
13431,1,kmeans,3
13434,2,kmeans,3
13435,3,kmeans,3
13436,2,kmeans,3
13437,3,kmeans,3
13439,2,kmeans,3
13441,2,kmeans,3
13447,1,kmeans,3
13448,3,kmeans,3
13449,2,kmeans,3
13450,3,kmeans,3
13451,3,kmeans,3
13452,2,kmeans,3
13453,2,kmeans,3
13455,1,kmeans,3
13456,3,kmeans,3
13458,3,kmeans,3
13460,2,kmeans,3
13461,1,kmeans,3
13462,2,kmeans,3
13464,1,kmeans,3
13466,2,kmeans,3
13467,1,kmeans,3
13468,3,kmeans,3
13470,2,kmeans,3
13471,3,kmeans,3
13473,1,kmeans,3
13474,2,kmeans,3
13475,1,kmeans,3
13476,1,kmeans,3
13477,3,kmeans,3
13479,2,kmeans,3
13481,3,kmeans,3
13482,2,kmeans,3
13483,2,kmeans,3
13484,2,kmeans,3
13485,1,kmeans,3
13486,1,kmeans,3
13487,1,kmeans,3
13488,3,kmeans,3
13489,2,kmeans,3
13491,3,kmeans,3
13492,1,kmeans,3
13493,2,kmeans,3
13494,2,kmeans,3
13495,3,kmeans,3
13496,1,kmeans,3
13497,2,kmeans,3
13499,3,kmeans,3
13500,1,kmeans,3
13501,1,kmeans,3
13502,1,kmeans,3
13503,2,kmeans,3
13504,2,kmeans,3
13505,1,kmeans,3
13506,2,kmeans,3
13507,3,kmeans,3
13508,2,kmeans,3
13509,3,kmeans,3
13510,3,kmeans,3
13512,2,kmeans,3
13513,2,kmeans,3
13514,2,kmeans,3
13515,1,kmeans,3
13516,1,kmeans,3
13517,1,kmeans,3
13518,1,kmeans,3
13519,2,kmeans,3
13520,3,kmeans,3
13521,3,kmeans,3
13522,2,kmeans,3
13523,3,kmeans,3
13524,1,kmeans,3
13525,1,kmeans,3
13527,3,kmeans,3
13529,2,kmeans,3
13531,1,kmeans,3
13532,2,kmeans,3
13533,2,kmeans,3
13534,3,kmeans,3
13536,3,kmeans,3
13538,1,kmeans,3
13539,1,kmeans,3
13544,1,kmeans,3
13546,1,kmeans,3
13548,1,kmeans,3
13549,3,kmeans,3
13551,2,kmeans,3
13552,3,kmeans,3
13555,1,kmeans,3
13557,1,kmeans,3
13558,1,kmeans,3
13560,2,kmeans,3
13561,2,kmeans,3
13562,1,kmeans,3
13563,1,kmeans,3
13564,1,kmeans,3
13565,1,kmeans,3
13566,1,kmeans,3
13568,2,kmeans,3
13569,1,kmeans,3
13570,2,kmeans,3
13571,3,kmeans,3
13572,1,kmeans,3
13573,2,kmeans,3
13575,1,kmeans,3
13576,3,kmeans,3
13577,3,kmeans,3
13579,1,kmeans,3
13581,2,kmeans,3
13583,1,kmeans,3
13584,2,kmeans,3
13587,1,kmeans,3
13588,3,kmeans,3
13589,1,kmeans,3
13590,3,kmeans,3
13591,1,kmeans,3
13592,2,kmeans,3
13593,1,kmeans,3
13594,1,kmeans,3
13596,1,kmeans,3
13598,2,kmeans,3
13599,3,kmeans,3
13600,2,kmeans,3
13601,1,kmeans,3
13602,1,kmeans,3
13603,2,kmeans,3
13606,1,kmeans,3
13607,1,kmeans,3
13610,3,kmeans,3
13611,1,kmeans,3
13614,3,kmeans,3
13615,2,kmeans,3
13617,1,kmeans,3
13618,2,kmeans,3
13621,2,kmeans,3
13623,3,kmeans,3
13626,2,kmeans,3
13627,3,kmeans,3
13629,3,kmeans,3
13630,3,kmeans,3
13631,1,kmeans,3
13632,3,kmeans,3
13634,3,kmeans,3
13635,1,kmeans,3
13636,3,kmeans,3
13637,1,kmeans,3
13638,2,kmeans,3
13639,1,kmeans,3
13642,2,kmeans,3
13643,1,kmeans,3
13644,3,kmeans,3
13645,2,kmeans,3
13647,3,kmeans,3
13649,2,kmeans,3
13650,3,kmeans,3
13651,2,kmeans,3
13652,1,kmeans,3
13654,3,kmeans,3
13655,1,kmeans,3
13656,1,kmeans,3
13657,1,kmeans,3
13658,3,kmeans,3
13659,1,kmeans,3
13662,1,kmeans,3
13663,2,kmeans,3
13666,2,kmeans,3
13667,1,kmeans,3
13668,3,kmeans,3
13669,2,kmeans,3
13670,2,kmeans,3
13672,2,kmeans,3
13673,1,kmeans,3
13675,1,kmeans,3
13678,2,kmeans,3
13680,3,kmeans,3
13681,1,kmeans,3
13682,2,kmeans,3
13684,2,kmeans,3
13685,3,kmeans,3
13686,2,kmeans,3
13689,1,kmeans,3
13690,2,kmeans,3
13692,1,kmeans,3
13694,3,kmeans,3
13695,3,kmeans,3
13697,2,kmeans,3
13699,2,kmeans,3
13700,3,kmeans,3
13703,2,kmeans,3
13704,3,kmeans,3
13705,3,kmeans,3
13706,2,kmeans,3
13707,1,kmeans,3
13708,2,kmeans,3
13709,3,kmeans,3
13710,2,kmeans,3
13711,2,kmeans,3
13712,2,kmeans,3
13715,1,kmeans,3
13716,2,kmeans,3
13717,3,kmeans,3
13718,2,kmeans,3
13719,3,kmeans,3
13720,1,kmeans,3
13721,1,kmeans,3
13722,1,kmeans,3
13723,2,kmeans,3
13725,3,kmeans,3
13726,1,kmeans,3
13727,2,kmeans,3
13728,3,kmeans,3
13730,1,kmeans,3
13731,1,kmeans,3
13732,1,kmeans,3
13735,3,kmeans,3
13736,3,kmeans,3
13737,2,kmeans,3
13739,2,kmeans,3
13740,2,kmeans,3
13741,1,kmeans,3
13742,3,kmeans,3
13743,3,kmeans,3
13744,1,kmeans,3
13745,2,kmeans,3
13747,2,kmeans,3
13748,1,kmeans,3
13750,1,kmeans,3
13751,2,kmeans,3
13752,1,kmeans,3
13753,1,kmeans,3
13754,2,kmeans,3
13755,3,kmeans,3
13756,3,kmeans,3
13758,3,kmeans,3
13759,1,kmeans,3
13760,1,kmeans,3
13761,1,kmeans,3
13762,2,kmeans,3
13763,1,kmeans,3
13764,3,kmeans,3
13767,3,kmeans,3
13769,3,kmeans,3
13771,1,kmeans,3
13772,1,kmeans,3
13774,2,kmeans,3
13777,3,kmeans,3
13778,2,kmeans,3
13780,1,kmeans,3
13781,2,kmeans,3
13782,3,kmeans,3
13784,3,kmeans,3
13786,2,kmeans,3
13787,1,kmeans,3
13790,1,kmeans,3
13791,1,kmeans,3
13792,2,kmeans,3
13798,3,kmeans,3
13799,1,kmeans,3
13800,1,kmeans,3
13801,2,kmeans,3
13802,1,kmeans,3
13803,2,kmeans,3
13804,3,kmeans,3
13805,1,kmeans,3
13806,2,kmeans,3
13807,2,kmeans,3
13808,3,kmeans,3
13809,2,kmeans,3
13810,1,kmeans,3
13811,2,kmeans,3
13812,1,kmeans,3
13813,1,kmeans,3
13814,1,kmeans,3
13815,3,kmeans,3
13816,1,kmeans,3
13817,1,kmeans,3
13819,1,kmeans,3
13821,1,kmeans,3
13822,1,kmeans,3
13823,1,kmeans,3
13824,3,kmeans,3
13826,2,kmeans,3
13827,1,kmeans,3
13828,2,kmeans,3
13831,3,kmeans,3
13832,2,kmeans,3
13833,2,kmeans,3
13835,1,kmeans,3
13837,2,kmeans,3
13838,3,kmeans,3
13841,2,kmeans,3
13842,3,kmeans,3
13844,1,kmeans,3
13845,2,kmeans,3
13846,3,kmeans,3
13848,1,kmeans,3
13849,1,kmeans,3
13850,1,kmeans,3
13851,1,kmeans,3
13853,1,kmeans,3
13854,3,kmeans,3
13856,2,kmeans,3
13858,2,kmeans,3
13859,2,kmeans,3
13860,3,kmeans,3
13862,3,kmeans,3
13863,2,kmeans,3
13865,1,kmeans,3
13866,2,kmeans,3
13867,1,kmeans,3
13868,1,kmeans,3
13869,3,kmeans,3
13870,3,kmeans,3
13871,3,kmeans,3
13873,2,kmeans,3
13874,1,kmeans,3
13875,3,kmeans,3
13876,2,kmeans,3
13877,2,kmeans,3
13878,1,kmeans,3
13880,3,kmeans,3
13881,3,kmeans,3
13882,3,kmeans,3
13883,3,kmeans,3
13884,3,kmeans,3
13885,2,kmeans,3
13886,2,kmeans,3
13887,2,kmeans,3
13888,1,kmeans,3
13889,2,kmeans,3
13890,3,kmeans,3
13892,1,kmeans,3
13893,1,kmeans,3
13894,1,kmeans,3
13895,1,kmeans,3
13897,2,kmeans,3
13898,2,kmeans,3
13899,1,kmeans,3
13900,1,kmeans,3
13901,3,kmeans,3
13904,1,kmeans,3
13908,1,kmeans,3
13911,3,kmeans,3
13914,1,kmeans,3
13917,2,kmeans,3
13918,1,kmeans,3
13919,2,kmeans,3
13922,2,kmeans,3
13923,2,kmeans,3
13924,3,kmeans,3
13925,1,kmeans,3
13926,2,kmeans,3
13927,2,kmeans,3
13928,1,kmeans,3
13929,1,kmeans,3
13930,2,kmeans,3
13931,1,kmeans,3
13932,2,kmeans,3
13933,1,kmeans,3
13934,1,kmeans,3
13936,2,kmeans,3
13937,2,kmeans,3
13938,2,kmeans,3
13939,1,kmeans,3
13940,1,kmeans,3
13941,3,kmeans,3
13946,1,kmeans,3
13947,2,kmeans,3
13948,2,kmeans,3
13949,3,kmeans,3
13950,1,kmeans,3
13951,1,kmeans,3
13952,1,kmeans,3
13953,3,kmeans,3
13954,1,kmeans,3
13955,2,kmeans,3
13956,3,kmeans,3
13959,1,kmeans,3
13960,2,kmeans,3
13962,2,kmeans,3
13963,1,kmeans,3
13967,2,kmeans,3
13969,3,kmeans,3
13971,3,kmeans,3
13972,2,kmeans,3
13973,2,kmeans,3
13974,1,kmeans,3
13975,3,kmeans,3
13976,2,kmeans,3
13978,2,kmeans,3
13979,1,kmeans,3
13980,2,kmeans,3
13982,3,kmeans,3
13983,3,kmeans,3
13984,3,kmeans,3
13985,3,kmeans,3
13986,2,kmeans,3
13988,3,kmeans,3
13989,1,kmeans,3
13990,2,kmeans,3
13991,3,kmeans,3
13992,2,kmeans,3
13993,3,kmeans,3
13994,3,kmeans,3
13995,3,kmeans,3
13999,3,kmeans,3
14000,1,kmeans,3
14001,1,kmeans,3
14002,1,kmeans,3
14004,3,kmeans,3
14005,3,kmeans,3
14006,1,kmeans,3
14009,1,kmeans,3
14012,2,kmeans,3
14013,1,kmeans,3
14014,1,kmeans,3
14015,1,kmeans,3
14016,1,kmeans,3
14019,1,kmeans,3
14020,1,kmeans,3
14021,1,kmeans,3
14022,1,kmeans,3
14023,1,kmeans,3
14024,2,kmeans,3
14027,2,kmeans,3
14029,2,kmeans,3
14030,3,kmeans,3
14031,3,kmeans,3
14032,3,kmeans,3
14034,1,kmeans,3
14035,3,kmeans,3
14036,1,kmeans,3
14037,2,kmeans,3
14038,1,kmeans,3
14039,2,kmeans,3
14040,3,kmeans,3
14041,2,kmeans,3
14044,3,kmeans,3
14045,1,kmeans,3
14046,2,kmeans,3
14047,3,kmeans,3
14048,1,kmeans,3
14049,3,kmeans,3
14050,1,kmeans,3
14051,3,kmeans,3
14052,2,kmeans,3
14053,2,kmeans,3
14054,2,kmeans,3
14055,1,kmeans,3
14056,3,kmeans,3
14057,3,kmeans,3
14059,2,kmeans,3
14060,3,kmeans,3
14062,3,kmeans,3
14064,3,kmeans,3
14066,2,kmeans,3
14067,1,kmeans,3
14068,2,kmeans,3
14071,3,kmeans,3
14073,2,kmeans,3
14075,3,kmeans,3
14076,2,kmeans,3
14077,1,kmeans,3
14078,1,kmeans,3
14079,2,kmeans,3
14080,2,kmeans,3
14081,1,kmeans,3
14082,2,kmeans,3
14083,3,kmeans,3
14085,3,kmeans,3
14087,1,kmeans,3
14088,3,kmeans,3
14089,2,kmeans,3
14090,2,kmeans,3
14092,3,kmeans,3
14093,1,kmeans,3
14096,3,kmeans,3
14098,2,kmeans,3
14099,3,kmeans,3
14100,2,kmeans,3
14101,1,kmeans,3
14102,1,kmeans,3
14104,2,kmeans,3
14105,1,kmeans,3
14107,3,kmeans,3
14108,1,kmeans,3
14109,2,kmeans,3
14110,3,kmeans,3
14111,1,kmeans,3
14112,3,kmeans,3
14113,3,kmeans,3
14114,2,kmeans,3
14116,1,kmeans,3
14117,2,kmeans,3
14121,3,kmeans,3
14124,2,kmeans,3
14125,1,kmeans,3
14126,1,kmeans,3
14127,1,kmeans,3
14128,1,kmeans,3
14129,3,kmeans,3
14130,1,kmeans,3
14132,3,kmeans,3
14133,1,kmeans,3
14135,3,kmeans,3
14138,1,kmeans,3
14139,1,kmeans,3
14140,1,kmeans,3
14141,1,kmeans,3
14142,2,kmeans,3
14143,2,kmeans,3
14145,1,kmeans,3
14146,3,kmeans,3
14147,2,kmeans,3
14148,2,kmeans,3
14149,1,kmeans,3
14150,1,kmeans,3
14152,1,kmeans,3
14154,1,kmeans,3
14155,2,kmeans,3
14156,3,kmeans,3
14157,1,kmeans,3
14158,1,kmeans,3
14159,3,kmeans,3
14161,1,kmeans,3
14162,2,kmeans,3
14163,1,kmeans,3
14164,1,kmeans,3
14165,2,kmeans,3
14167,1,kmeans,3
14171,1,kmeans,3
14173,1,kmeans,3
14174,2,kmeans,3
14175,3,kmeans,3
14176,2,kmeans,3
14177,1,kmeans,3
14178,3,kmeans,3
14179,1,kmeans,3
14180,3,kmeans,3
14184,1,kmeans,3
14185,2,kmeans,3
14188,3,kmeans,3
14189,3,kmeans,3
14191,3,kmeans,3
14193,1,kmeans,3
14194,3,kmeans,3
14195,1,kmeans,3
14196,2,kmeans,3
14198,1,kmeans,3
14199,2,kmeans,3
14201,3,kmeans,3
14204,2,kmeans,3
14205,1,kmeans,3
14206,2,kmeans,3
14208,2,kmeans,3
14209,3,kmeans,3
14210,3,kmeans,3
14211,3,kmeans,3
14212,1,kmeans,3
14214,3,kmeans,3
14215,3,kmeans,3
14216,1,kmeans,3
14217,3,kmeans,3
14218,2,kmeans,3
14219,2,kmeans,3
14220,1,kmeans,3
14221,3,kmeans,3
14222,1,kmeans,3
14223,1,kmeans,3
14224,1,kmeans,3
14226,3,kmeans,3
14227,3,kmeans,3
14229,1,kmeans,3
14231,1,kmeans,3
14232,3,kmeans,3
14233,1,kmeans,3
14234,1,kmeans,3
14235,1,kmeans,3
14236,1,kmeans,3
14237,2,kmeans,3
14238,2,kmeans,3
14239,3,kmeans,3
14240,1,kmeans,3
14241,2,kmeans,3
14242,2,kmeans,3
14243,3,kmeans,3
14245,1,kmeans,3
14246,1,kmeans,3
14247,2,kmeans,3
14248,2,kmeans,3
14250,1,kmeans,3
14251,3,kmeans,3
14256,1,kmeans,3
14257,3,kmeans,3
14258,3,kmeans,3
14259,2,kmeans,3
14261,1,kmeans,3
14262,3,kmeans,3
14264,2,kmeans,3
14265,1,kmeans,3
14267,1,kmeans,3
14270,1,kmeans,3
14271,2,kmeans,3
14272,1,kmeans,3
14273,1,kmeans,3
14276,1,kmeans,3
14277,3,kmeans,3
14280,2,kmeans,3
14282,3,kmeans,3
14284,1,kmeans,3
14285,1,kmeans,3
14286,3,kmeans,3
14287,2,kmeans,3
14288,2,kmeans,3
14289,3,kmeans,3
14290,3,kmeans,3
14291,3,kmeans,3
14292,3,kmeans,3
14293,3,kmeans,3
14295,2,kmeans,3
14297,3,kmeans,3
14298,3,kmeans,3
14299,3,kmeans,3
14300,2,kmeans,3
14301,1,kmeans,3
14304,2,kmeans,3
14305,1,kmeans,3
14306,1,kmeans,3
14307,3,kmeans,3
14309,3,kmeans,3
14311,2,kmeans,3
14312,3,kmeans,3
14314,2,kmeans,3
14315,3,kmeans,3
14317,1,kmeans,3
14320,1,kmeans,3
14321,3,kmeans,3
14323,1,kmeans,3
14326,2,kmeans,3
14327,2,kmeans,3
14329,3,kmeans,3
14331,2,kmeans,3
14332,1,kmeans,3
14333,2,kmeans,3
14334,3,kmeans,3
14335,1,kmeans,3
14336,3,kmeans,3
14338,1,kmeans,3
14339,2,kmeans,3
14340,2,kmeans,3
14341,3,kmeans,3
14342,1,kmeans,3
14344,1,kmeans,3
14345,2,kmeans,3
14346,1,kmeans,3
14348,2,kmeans,3
14349,2,kmeans,3
14350,2,kmeans,3
14351,2,kmeans,3
14352,1,kmeans,3
14353,2,kmeans,3
14354,2,kmeans,3
14355,2,kmeans,3
14356,1,kmeans,3
14357,2,kmeans,3
14359,1,kmeans,3
14360,1,kmeans,3
14362,2,kmeans,3
14364,1,kmeans,3
14367,3,kmeans,3
14368,2,kmeans,3
14371,2,kmeans,3
14373,2,kmeans,3
14375,2,kmeans,3
14377,2,kmeans,3
14379,1,kmeans,3
14381,2,kmeans,3
14382,1,kmeans,3
14383,1,kmeans,3
14385,2,kmeans,3
14386,2,kmeans,3
14387,1,kmeans,3
14388,3,kmeans,3
14389,1,kmeans,3
14390,3,kmeans,3
14393,2,kmeans,3
14395,3,kmeans,3
14396,1,kmeans,3
14397,3,kmeans,3
14400,1,kmeans,3
14401,3,kmeans,3
14403,1,kmeans,3
14404,3,kmeans,3
14406,2,kmeans,3
14407,1,kmeans,3
14408,3,kmeans,3
14409,3,kmeans,3
14410,3,kmeans,3
14411,1,kmeans,3
14412,1,kmeans,3
14413,2,kmeans,3
14414,3,kmeans,3
14415,3,kmeans,3
14416,1,kmeans,3
14418,3,kmeans,3
14419,3,kmeans,3
14420,1,kmeans,3
14421,1,kmeans,3
14422,3,kmeans,3
14423,2,kmeans,3
14424,2,kmeans,3
14426,3,kmeans,3
14427,2,kmeans,3
14428,3,kmeans,3
14431,2,kmeans,3
14432,3,kmeans,3
14434,1,kmeans,3
14436,2,kmeans,3
14437,2,kmeans,3
14438,2,kmeans,3
14439,1,kmeans,3
14440,3,kmeans,3
14441,3,kmeans,3
14442,1,kmeans,3
14443,3,kmeans,3
14446,3,kmeans,3
14447,3,kmeans,3
14448,1,kmeans,3
14449,3,kmeans,3
14450,1,kmeans,3
14451,1,kmeans,3
14452,1,kmeans,3
14453,2,kmeans,3
14456,3,kmeans,3
14457,2,kmeans,3
14459,1,kmeans,3
14460,2,kmeans,3
14461,1,kmeans,3
14462,3,kmeans,3
14463,2,kmeans,3
14465,1,kmeans,3
14466,3,kmeans,3
14467,3,kmeans,3
14470,1,kmeans,3
14472,3,kmeans,3
14473,2,kmeans,3
14474,1,kmeans,3
14475,1,kmeans,3
14476,2,kmeans,3
14477,1,kmeans,3
14479,2,kmeans,3
14480,2,kmeans,3
14481,1,kmeans,3
14482,3,kmeans,3
14483,2,kmeans,3
14484,2,kmeans,3
14485,2,kmeans,3
14487,3,kmeans,3
14488,1,kmeans,3
14489,1,kmeans,3
14491,2,kmeans,3
14493,3,kmeans,3
14494,2,kmeans,3
14495,2,kmeans,3
14496,2,kmeans,3
14497,1,kmeans,3
14498,3,kmeans,3
14499,3,kmeans,3
14500,2,kmeans,3
14501,2,kmeans,3
14502,3,kmeans,3
14503,3,kmeans,3
14504,1,kmeans,3
14505,3,kmeans,3
14506,3,kmeans,3
14507,3,kmeans,3
14508,2,kmeans,3
14511,1,kmeans,3
14512,2,kmeans,3
14513,2,kmeans,3
14514,1,kmeans,3
14515,3,kmeans,3
14517,2,kmeans,3
14518,2,kmeans,3
14520,2,kmeans,3
14522,1,kmeans,3
14523,2,kmeans,3
14524,3,kmeans,3
14525,3,kmeans,3
14527,3,kmeans,3
14528,2,kmeans,3
14529,1,kmeans,3
14530,3,kmeans,3
14532,1,kmeans,3
14533,3,kmeans,3
14534,3,kmeans,3
14535,3,kmeans,3
14536,2,kmeans,3
14537,2,kmeans,3
14538,1,kmeans,3
14539,1,kmeans,3
14540,3,kmeans,3
14541,3,kmeans,3
14542,2,kmeans,3
14543,3,kmeans,3
14544,3,kmeans,3
14546,3,kmeans,3
14547,3,kmeans,3
14548,2,kmeans,3
14549,2,kmeans,3
14550,1,kmeans,3
14551,2,kmeans,3
14552,2,kmeans,3
14553,3,kmeans,3
14554,1,kmeans,3
14555,2,kmeans,3
14557,1,kmeans,3
14560,3,kmeans,3
14561,1,kmeans,3
14562,3,kmeans,3
14565,3,kmeans,3
14566,1,kmeans,3
14567,1,kmeans,3
14569,2,kmeans,3
14570,2,kmeans,3
14572,3,kmeans,3
14573,3,kmeans,3
14576,2,kmeans,3
14577,3,kmeans,3
14578,2,kmeans,3
14581,2,kmeans,3
14582,2,kmeans,3
14583,3,kmeans,3
14584,1,kmeans,3
14585,2,kmeans,3
14586,2,kmeans,3
14587,3,kmeans,3
14589,2,kmeans,3
14591,3,kmeans,3
14592,1,kmeans,3
14593,1,kmeans,3
14594,3,kmeans,3
14595,3,kmeans,3
14597,1,kmeans,3
14598,2,kmeans,3
14600,2,kmeans,3
14601,2,kmeans,3
14603,2,kmeans,3
14606,3,kmeans,3
14607,3,kmeans,3
14608,3,kmeans,3
14609,2,kmeans,3
14616,2,kmeans,3
14618,1,kmeans,3
14619,2,kmeans,3
14620,2,kmeans,3
14621,3,kmeans,3
14622,2,kmeans,3
14623,3,kmeans,3
14624,2,kmeans,3
14625,1,kmeans,3
14626,3,kmeans,3
14628,1,kmeans,3
14629,1,kmeans,3
14631,1,kmeans,3
14632,2,kmeans,3
14633,2,kmeans,3
14636,1,kmeans,3
14638,1,kmeans,3
14639,3,kmeans,3
14640,3,kmeans,3
14641,2,kmeans,3
14642,2,kmeans,3
14643,1,kmeans,3
14644,1,kmeans,3
14645,1,kmeans,3
14646,3,kmeans,3
14647,2,kmeans,3
14649,3,kmeans,3
14651,1,kmeans,3
14652,2,kmeans,3
14653,3,kmeans,3
14655,3,kmeans,3
14656,2,kmeans,3
14657,3,kmeans,3
14658,2,kmeans,3
14659,3,kmeans,3
14660,2,kmeans,3
14661,2,kmeans,3
14662,3,kmeans,3
14664,1,kmeans,3
14665,3,kmeans,3
14666,2,kmeans,3
14667,3,kmeans,3
14669,1,kmeans,3
14670,1,kmeans,3
14672,1,kmeans,3
14673,3,kmeans,3
14675,1,kmeans,3
14676,3,kmeans,3
14680,3,kmeans,3
14681,2,kmeans,3
14682,2,kmeans,3
14684,3,kmeans,3
14687,1,kmeans,3
14688,3,kmeans,3
14689,2,kmeans,3
14690,1,kmeans,3
14691,1,kmeans,3
14692,1,kmeans,3
14693,2,kmeans,3
14696,3,kmeans,3
14697,2,kmeans,3
14698,3,kmeans,3
14699,2,kmeans,3
14700,1,kmeans,3
14701,3,kmeans,3
14702,3,kmeans,3
14703,1,kmeans,3
14704,3,kmeans,3
14705,2,kmeans,3
14708,3,kmeans,3
14709,3,kmeans,3
14710,1,kmeans,3
14711,3,kmeans,3
14712,1,kmeans,3
14713,3,kmeans,3
14714,2,kmeans,3
14715,3,kmeans,3
14716,1,kmeans,3
14719,3,kmeans,3
14720,1,kmeans,3
14722,2,kmeans,3
14723,3,kmeans,3
14725,1,kmeans,3
14727,2,kmeans,3
14729,2,kmeans,3
14730,3,kmeans,3
14731,1,kmeans,3
14732,3,kmeans,3
14733,3,kmeans,3
14735,3,kmeans,3
14737,3,kmeans,3
14738,3,kmeans,3
14739,3,kmeans,3
14740,1,kmeans,3
14741,3,kmeans,3
14744,3,kmeans,3
14745,1,kmeans,3
14747,2,kmeans,3
14748,3,kmeans,3
14752,2,kmeans,3
14753,1,kmeans,3
14754,1,kmeans,3
14755,3,kmeans,3
14756,1,kmeans,3
14757,1,kmeans,3
14758,1,kmeans,3
14759,3,kmeans,3
14760,2,kmeans,3
14761,2,kmeans,3
14762,2,kmeans,3
14764,2,kmeans,3
14765,2,kmeans,3
14766,3,kmeans,3
14768,2,kmeans,3
14769,3,kmeans,3
14770,1,kmeans,3
14772,2,kmeans,3
14775,1,kmeans,3
14776,3,kmeans,3
14778,1,kmeans,3
14779,2,kmeans,3
14780,1,kmeans,3
14782,2,kmeans,3
14784,1,kmeans,3
14785,2,kmeans,3
14788,1,kmeans,3
14789,2,kmeans,3
14790,1,kmeans,3
14792,2,kmeans,3
14793,2,kmeans,3
14794,3,kmeans,3
14795,2,kmeans,3
14796,3,kmeans,3
14798,2,kmeans,3
14799,2,kmeans,3
14800,3,kmeans,3
14801,2,kmeans,3
14803,1,kmeans,3
14804,2,kmeans,3
14805,3,kmeans,3
14806,2,kmeans,3
14808,3,kmeans,3
14810,3,kmeans,3
14813,2,kmeans,3
14815,1,kmeans,3
14816,2,kmeans,3
14817,1,kmeans,3
14818,1,kmeans,3
14819,2,kmeans,3
14820,1,kmeans,3
14821,2,kmeans,3
14823,2,kmeans,3
14824,1,kmeans,3
14825,3,kmeans,3
14828,1,kmeans,3
14829,3,kmeans,3
14830,2,kmeans,3
14834,3,kmeans,3
14836,2,kmeans,3
14837,1,kmeans,3
14840,2,kmeans,3
14841,3,kmeans,3
14842,3,kmeans,3
14844,1,kmeans,3
14847,2,kmeans,3
14849,3,kmeans,3
14850,2,kmeans,3
14851,1,kmeans,3
14852,3,kmeans,3
14853,1,kmeans,3
14854,3,kmeans,3
14855,1,kmeans,3
14856,1,kmeans,3
14857,1,kmeans,3
14859,3,kmeans,3
14860,2,kmeans,3
14861,2,kmeans,3
14862,1,kmeans,3
14863,2,kmeans,3
14865,2,kmeans,3
14866,3,kmeans,3
14867,1,kmeans,3
14868,3,kmeans,3
14869,1,kmeans,3
14870,2,kmeans,3
14871,3,kmeans,3
14873,1,kmeans,3
14875,1,kmeans,3
14878,3,kmeans,3
14880,1,kmeans,3
14881,2,kmeans,3
14882,2,kmeans,3
14883,1,kmeans,3
14885,1,kmeans,3
14886,2,kmeans,3
14887,1,kmeans,3
14888,2,kmeans,3
14889,2,kmeans,3
14890,2,kmeans,3
14891,1,kmeans,3
14893,1,kmeans,3
14894,1,kmeans,3
14895,3,kmeans,3
14896,1,kmeans,3
14897,3,kmeans,3
14898,3,kmeans,3
14901,3,kmeans,3
14902,2,kmeans,3
14903,3,kmeans,3
14904,1,kmeans,3
14905,1,kmeans,3
14907,3,kmeans,3
14908,2,kmeans,3
14910,1,kmeans,3
14911,3,kmeans,3
14912,1,kmeans,3
14913,3,kmeans,3
14915,2,kmeans,3
14916,1,kmeans,3
14918,1,kmeans,3
14920,1,kmeans,3
14921,1,kmeans,3
14923,1,kmeans,3
14924,2,kmeans,3
14929,2,kmeans,3
14930,1,kmeans,3
14931,3,kmeans,3
14932,2,kmeans,3
14934,1,kmeans,3
14935,1,kmeans,3
14936,3,kmeans,3
14937,1,kmeans,3
14944,3,kmeans,3
14946,2,kmeans,3
14947,2,kmeans,3
14948,3,kmeans,3
14950,1,kmeans,3
14951,2,kmeans,3
14952,3,kmeans,3
14953,1,kmeans,3
14954,1,kmeans,3
14957,2,kmeans,3
14958,1,kmeans,3
14959,1,kmeans,3
14960,2,kmeans,3
14961,3,kmeans,3
14962,2,kmeans,3
14963,3,kmeans,3
14964,2,kmeans,3
14965,1,kmeans,3
14966,2,kmeans,3
14967,2,kmeans,3
14968,2,kmeans,3
14970,1,kmeans,3
14971,1,kmeans,3
14972,2,kmeans,3
14973,1,kmeans,3
14974,2,kmeans,3
14975,2,kmeans,3
14976,1,kmeans,3
14978,3,kmeans,3
14981,2,kmeans,3
14984,2,kmeans,3
14985,1,kmeans,3
14987,2,kmeans,3
14988,2,kmeans,3
14995,1,kmeans,3
14997,1,kmeans,3
14998,1,kmeans,3
15000,1,kmeans,3
15002,1,kmeans,3
15004,1,kmeans,3
15005,3,kmeans,3
15006,1,kmeans,3
15007,2,kmeans,3
15009,1,kmeans,3
15010,2,kmeans,3
15012,1,kmeans,3
15014,2,kmeans,3
15016,2,kmeans,3
15017,2,kmeans,3
15018,1,kmeans,3
15019,2,kmeans,3
15021,3,kmeans,3
15022,1,kmeans,3
15023,3,kmeans,3
15024,3,kmeans,3
15025,1,kmeans,3
15026,1,kmeans,3
15027,1,kmeans,3
15028,3,kmeans,3
15030,1,kmeans,3
15031,3,kmeans,3
15032,1,kmeans,3
15033,3,kmeans,3
15034,3,kmeans,3
15035,2,kmeans,3
15036,1,kmeans,3
15038,3,kmeans,3
15039,3,kmeans,3
15041,2,kmeans,3
15042,2,kmeans,3
15043,2,kmeans,3
15044,3,kmeans,3
15045,1,kmeans,3
15046,3,kmeans,3
15047,2,kmeans,3
15048,1,kmeans,3
15049,2,kmeans,3
15050,1,kmeans,3
15051,1,kmeans,3
15052,2,kmeans,3
15053,3,kmeans,3
15054,1,kmeans,3
15057,1,kmeans,3
15058,3,kmeans,3
15059,3,kmeans,3
15060,2,kmeans,3
15061,3,kmeans,3
15062,1,kmeans,3
15063,2,kmeans,3
15065,3,kmeans,3
15066,1,kmeans,3
15067,1,kmeans,3
15068,1,kmeans,3
15069,1,kmeans,3
15070,2,kmeans,3
15071,1,kmeans,3
15073,1,kmeans,3
15074,1,kmeans,3
15075,1,kmeans,3
15076,1,kmeans,3
15078,3,kmeans,3
15079,1,kmeans,3
15081,3,kmeans,3
15083,2,kmeans,3
15087,2,kmeans,3
15088,1,kmeans,3
15089,3,kmeans,3
15090,2,kmeans,3
15091,1,kmeans,3
15092,2,kmeans,3
15093,3,kmeans,3
15095,1,kmeans,3
15096,2,kmeans,3
15097,2,kmeans,3
15098,1,kmeans,3
15099,1,kmeans,3
15100,2,kmeans,3
15101,1,kmeans,3
15103,1,kmeans,3
15104,1,kmeans,3
15105,3,kmeans,3
15106,3,kmeans,3
15107,2,kmeans,3
15108,1,kmeans,3
15109,1,kmeans,3
15110,1,kmeans,3
15111,3,kmeans,3
15113,1,kmeans,3
15114,3,kmeans,3
15115,1,kmeans,3
15116,1,kmeans,3
15117,3,kmeans,3
15118,2,kmeans,3
15119,2,kmeans,3
15120,2,kmeans,3
15121,1,kmeans,3
15122,1,kmeans,3
15123,3,kmeans,3
15124,2,kmeans,3
15125,3,kmeans,3
15127,2,kmeans,3
15128,1,kmeans,3
15129,3,kmeans,3
15130,2,kmeans,3
15132,3,kmeans,3
15133,1,kmeans,3
15134,3,kmeans,3
15135,2,kmeans,3
15136,3,kmeans,3
15139,2,kmeans,3
15140,3,kmeans,3
15142,1,kmeans,3
15143,2,kmeans,3
15144,3,kmeans,3
15145,3,kmeans,3
15146,1,kmeans,3
15147,1,kmeans,3
15148,2,kmeans,3
15149,1,kmeans,3
15150,3,kmeans,3
15152,3,kmeans,3
15153,2,kmeans,3
15154,2,kmeans,3
15156,1,kmeans,3
15157,3,kmeans,3
15158,2,kmeans,3
15159,3,kmeans,3
15160,2,kmeans,3
15163,1,kmeans,3
15164,1,kmeans,3
15165,1,kmeans,3
15167,2,kmeans,3
15168,2,kmeans,3
15171,1,kmeans,3
15172,3,kmeans,3
15174,2,kmeans,3
15175,2,kmeans,3
15178,2,kmeans,3
15179,3,kmeans,3
15180,2,kmeans,3
15181,1,kmeans,3
15182,1,kmeans,3
15184,1,kmeans,3
15185,2,kmeans,3
15186,1,kmeans,3
15187,3,kmeans,3
15189,3,kmeans,3
15192,1,kmeans,3
15193,1,kmeans,3
15194,3,kmeans,3
15195,1,kmeans,3
15197,3,kmeans,3
15198,2,kmeans,3
15199,1,kmeans,3
15201,1,kmeans,3
15203,3,kmeans,3
15204,2,kmeans,3
15205,1,kmeans,3
15206,2,kmeans,3
15208,3,kmeans,3
15210,2,kmeans,3
15211,1,kmeans,3
15212,2,kmeans,3
15213,2,kmeans,3
15214,3,kmeans,3
15215,1,kmeans,3
15216,2,kmeans,3
15218,3,kmeans,3
15219,2,kmeans,3
15220,3,kmeans,3
15221,2,kmeans,3
15222,2,kmeans,3
15223,1,kmeans,3
15224,2,kmeans,3
15225,2,kmeans,3
15226,2,kmeans,3
15227,3,kmeans,3
15228,3,kmeans,3
15230,2,kmeans,3
15232,1,kmeans,3
15234,2,kmeans,3
15235,3,kmeans,3
15236,2,kmeans,3
15237,3,kmeans,3
15238,1,kmeans,3
15239,1,kmeans,3
15240,3,kmeans,3
15241,3,kmeans,3
15243,2,kmeans,3
15244,1,kmeans,3
15245,1,kmeans,3
15246,1,kmeans,3
15247,2,kmeans,3
15249,3,kmeans,3
15251,3,kmeans,3
15252,1,kmeans,3
15253,1,kmeans,3
15254,2,kmeans,3
15255,1,kmeans,3
15256,2,kmeans,3
15257,2,kmeans,3
15258,1,kmeans,3
15260,3,kmeans,3
15261,2,kmeans,3
15262,2,kmeans,3
15263,2,kmeans,3
15264,1,kmeans,3
15265,1,kmeans,3
15266,2,kmeans,3
15267,1,kmeans,3
15269,2,kmeans,3
15270,3,kmeans,3
15271,3,kmeans,3
15272,1,kmeans,3
15274,1,kmeans,3
15275,1,kmeans,3
15276,2,kmeans,3
15277,2,kmeans,3
15279,2,kmeans,3
15280,2,kmeans,3
15281,3,kmeans,3
15286,2,kmeans,3
15287,1,kmeans,3
15288,3,kmeans,3
15289,1,kmeans,3
15290,3,kmeans,3
15291,3,kmeans,3
15292,2,kmeans,3
15296,3,kmeans,3
15297,1,kmeans,3
15298,3,kmeans,3
15299,1,kmeans,3
15300,1,kmeans,3
15301,3,kmeans,3
15303,1,kmeans,3
15304,1,kmeans,3
15306,1,kmeans,3
15307,2,kmeans,3
15308,2,kmeans,3
15311,3,kmeans,3
15312,1,kmeans,3
15313,2,kmeans,3
15314,2,kmeans,3
15315,1,kmeans,3
15316,2,kmeans,3
15318,1,kmeans,3
15319,2,kmeans,3
15320,2,kmeans,3
15321,1,kmeans,3
15322,1,kmeans,3
15325,2,kmeans,3
15326,2,kmeans,3
15327,2,kmeans,3
15329,1,kmeans,3
15330,1,kmeans,3
15332,1,kmeans,3
15333,1,kmeans,3
15334,2,kmeans,3
15335,2,kmeans,3
15339,1,kmeans,3
15341,1,kmeans,3
15342,1,kmeans,3
15343,2,kmeans,3
15344,1,kmeans,3
15345,1,kmeans,3
15346,2,kmeans,3
15347,2,kmeans,3
15348,2,kmeans,3
15349,1,kmeans,3
15350,2,kmeans,3
15351,3,kmeans,3
15353,1,kmeans,3
15355,2,kmeans,3
15356,3,kmeans,3
15358,3,kmeans,3
15360,1,kmeans,3
15361,2,kmeans,3
15363,2,kmeans,3
15364,1,kmeans,3
15365,3,kmeans,3
15366,1,kmeans,3
15367,1,kmeans,3
15368,2,kmeans,3
15370,3,kmeans,3
15372,1,kmeans,3
15373,3,kmeans,3
15374,2,kmeans,3
15376,1,kmeans,3
15379,3,kmeans,3
15380,3,kmeans,3
15381,2,kmeans,3
15382,3,kmeans,3
15384,1,kmeans,3
15385,2,kmeans,3
15386,1,kmeans,3
15388,2,kmeans,3
15389,2,kmeans,3
15392,3,kmeans,3
15393,2,kmeans,3
15394,3,kmeans,3
15395,2,kmeans,3
15396,2,kmeans,3
15397,2,kmeans,3
15398,1,kmeans,3
15399,1,kmeans,3
15400,1,kmeans,3
15402,1,kmeans,3
15405,2,kmeans,3
15406,1,kmeans,3
15407,3,kmeans,3
15408,2,kmeans,3
15410,3,kmeans,3
15411,1,kmeans,3
15412,2,kmeans,3
15414,1,kmeans,3
15415,1,kmeans,3
15416,3,kmeans,3
15417,1,kmeans,3
15419,2,kmeans,3
15421,1,kmeans,3
15422,2,kmeans,3
15423,2,kmeans,3
15424,2,kmeans,3
15426,3,kmeans,3
15427,1,kmeans,3
15428,2,kmeans,3
15429,1,kmeans,3
15432,2,kmeans,3
15433,1,kmeans,3
15434,3,kmeans,3
15435,2,kmeans,3
15436,3,kmeans,3
15437,2,kmeans,3
15438,2,kmeans,3
15440,1,kmeans,3
15442,2,kmeans,3
15443,3,kmeans,3
15444,1,kmeans,3
15445,2,kmeans,3
15447,2,kmeans,3
15448,1,kmeans,3
15449,1,kmeans,3
15450,1,kmeans,3
15452,1,kmeans,3
15453,3,kmeans,3
15454,2,kmeans,3
15456,2,kmeans,3
15457,2,kmeans,3
15458,2,kmeans,3
15460,2,kmeans,3
15462,2,kmeans,3
15463,2,kmeans,3
15464,1,kmeans,3
15465,3,kmeans,3
15466,1,kmeans,3
15467,1,kmeans,3
15468,1,kmeans,3
15469,1,kmeans,3
15471,1,kmeans,3
15472,1,kmeans,3
15473,1,kmeans,3
15475,1,kmeans,3
15478,1,kmeans,3
15480,1,kmeans,3
15482,3,kmeans,3
15483,2,kmeans,3
15484,3,kmeans,3
15485,3,kmeans,3
15488,2,kmeans,3
15489,1,kmeans,3
15491,1,kmeans,3
15492,1,kmeans,3
15493,3,kmeans,3
15494,1,kmeans,3
15497,1,kmeans,3
15498,3,kmeans,3
15500,1,kmeans,3
15502,3,kmeans,3
15503,2,kmeans,3
15504,2,kmeans,3
15505,1,kmeans,3
15506,1,kmeans,3
15507,1,kmeans,3
15508,1,kmeans,3
15510,2,kmeans,3
15511,1,kmeans,3
15512,2,kmeans,3
15513,3,kmeans,3
15514,3,kmeans,3
15516,2,kmeans,3
15517,2,kmeans,3
15518,3,kmeans,3
15520,1,kmeans,3
15521,3,kmeans,3
15522,1,kmeans,3
15523,2,kmeans,3
15524,2,kmeans,3
15525,3,kmeans,3
15526,2,kmeans,3
15527,3,kmeans,3
15528,2,kmeans,3
15529,3,kmeans,3
15530,3,kmeans,3
15531,1,kmeans,3
15532,3,kmeans,3
15533,1,kmeans,3
15535,1,kmeans,3
15537,2,kmeans,3
15539,1,kmeans,3
15540,2,kmeans,3
15541,2,kmeans,3
15543,2,kmeans,3
15544,3,kmeans,3
15545,1,kmeans,3
15547,3,kmeans,3
15549,1,kmeans,3
15550,3,kmeans,3
15551,1,kmeans,3
15552,2,kmeans,3
15553,1,kmeans,3
15554,2,kmeans,3
15555,3,kmeans,3
15556,2,kmeans,3
15557,1,kmeans,3
15561,1,kmeans,3
15562,2,kmeans,3
15563,3,kmeans,3
15565,2,kmeans,3
15567,2,kmeans,3
15568,1,kmeans,3
15569,1,kmeans,3
15570,3,kmeans,3
15571,1,kmeans,3
15572,3,kmeans,3
15573,1,kmeans,3
15574,1,kmeans,3
15576,1,kmeans,3
15577,2,kmeans,3
15578,2,kmeans,3
15579,1,kmeans,3
15581,3,kmeans,3
15582,1,kmeans,3
15584,1,kmeans,3
15585,1,kmeans,3
15587,1,kmeans,3
15589,2,kmeans,3
15592,1,kmeans,3
15593,2,kmeans,3
15594,3,kmeans,3
15596,1,kmeans,3
15597,2,kmeans,3
15598,2,kmeans,3
15599,1,kmeans,3
15601,3,kmeans,3
15602,3,kmeans,3
15603,2,kmeans,3
15604,2,kmeans,3
15605,3,kmeans,3
15606,3,kmeans,3
15607,2,kmeans,3
15608,1,kmeans,3
15609,2,kmeans,3
15610,2,kmeans,3
15611,3,kmeans,3
15612,2,kmeans,3
15615,3,kmeans,3
15618,1,kmeans,3
15619,2,kmeans,3
15620,3,kmeans,3
15621,1,kmeans,3
15622,3,kmeans,3
15623,2,kmeans,3
15624,1,kmeans,3
15625,1,kmeans,3
15626,1,kmeans,3
15628,3,kmeans,3
15630,1,kmeans,3
15632,3,kmeans,3
15634,2,kmeans,3
15636,1,kmeans,3
15637,2,kmeans,3
15639,1,kmeans,3
15640,3,kmeans,3
15641,1,kmeans,3
15643,1,kmeans,3
15644,1,kmeans,3
15645,1,kmeans,3
15646,1,kmeans,3
15648,1,kmeans,3
15649,2,kmeans,3
15651,1,kmeans,3
15652,2,kmeans,3
15653,1,kmeans,3
15654,1,kmeans,3
15655,1,kmeans,3
15656,1,kmeans,3
15657,2,kmeans,3
15658,1,kmeans,3
15659,2,kmeans,3
15660,3,kmeans,3
15661,2,kmeans,3
15663,2,kmeans,3
15664,2,kmeans,3
15665,1,kmeans,3
15667,2,kmeans,3
15668,2,kmeans,3
15669,1,kmeans,3
15670,2,kmeans,3
15671,3,kmeans,3
15673,1,kmeans,3
15674,1,kmeans,3
15675,2,kmeans,3
15676,3,kmeans,3
15677,1,kmeans,3
15678,2,kmeans,3
15679,1,kmeans,3
15680,3,kmeans,3
15681,3,kmeans,3
15683,2,kmeans,3
15687,3,kmeans,3
15689,2,kmeans,3
15690,2,kmeans,3
15691,2,kmeans,3
15692,2,kmeans,3
15694,3,kmeans,3
15695,2,kmeans,3
15696,3,kmeans,3
15699,2,kmeans,3
15700,1,kmeans,3
15701,3,kmeans,3
15703,2,kmeans,3
15704,1,kmeans,3
15705,2,kmeans,3
15706,1,kmeans,3
15707,1,kmeans,3
15708,3,kmeans,3
15709,2,kmeans,3
15712,3,kmeans,3
15713,2,kmeans,3
15714,1,kmeans,3
15716,1,kmeans,3
15717,2,kmeans,3
15719,3,kmeans,3
15720,1,kmeans,3
15721,1,kmeans,3
15722,3,kmeans,3
15723,2,kmeans,3
15724,2,kmeans,3
15725,1,kmeans,3
15727,3,kmeans,3
15729,2,kmeans,3
15730,1,kmeans,3
15732,2,kmeans,3
15733,2,kmeans,3
15734,1,kmeans,3
15737,3,kmeans,3
15738,3,kmeans,3
15739,2,kmeans,3
15740,2,kmeans,3
15743,1,kmeans,3
15744,2,kmeans,3
15745,1,kmeans,3
15746,2,kmeans,3
15747,1,kmeans,3
15748,2,kmeans,3
15749,1,kmeans,3
15750,3,kmeans,3
15752,3,kmeans,3
15753,2,kmeans,3
15754,1,kmeans,3
15755,3,kmeans,3
15756,1,kmeans,3
15757,1,kmeans,3
15758,2,kmeans,3
15759,2,kmeans,3
15762,1,kmeans,3
15763,1,kmeans,3
15764,3,kmeans,3
15766,2,kmeans,3
15768,1,kmeans,3
15769,3,kmeans,3
15773,1,kmeans,3
15774,2,kmeans,3
15775,2,kmeans,3
15776,2,kmeans,3
15777,1,kmeans,3
15780,1,kmeans,3
15781,1,kmeans,3
15782,1,kmeans,3
15783,2,kmeans,3
15785,3,kmeans,3
15786,1,kmeans,3
15787,1,kmeans,3
15789,2,kmeans,3
15790,2,kmeans,3
15791,1,kmeans,3
15793,1,kmeans,3
15795,1,kmeans,3
15796,3,kmeans,3
15797,1,kmeans,3
15799,1,kmeans,3
15800,1,kmeans,3
15801,1,kmeans,3
15803,2,kmeans,3
15804,3,kmeans,3
15805,3,kmeans,3
15806,1,kmeans,3
15807,1,kmeans,3
15808,1,kmeans,3
15809,1,kmeans,3
15810,1,kmeans,3
15811,3,kmeans,3
15812,1,kmeans,3
15813,1,kmeans,3
15814,1,kmeans,3
15815,1,kmeans,3
15819,3,kmeans,3
15820,2,kmeans,3
15821,1,kmeans,3
15822,3,kmeans,3
15825,1,kmeans,3
15826,1,kmeans,3
15827,3,kmeans,3
15829,1,kmeans,3
15830,1,kmeans,3
15831,1,kmeans,3
15832,1,kmeans,3
15834,3,kmeans,3
15835,1,kmeans,3
15836,2,kmeans,3
15837,1,kmeans,3
15838,3,kmeans,3
15839,1,kmeans,3
15840,2,kmeans,3
15841,1,kmeans,3
15843,2,kmeans,3
15844,2,kmeans,3
15845,3,kmeans,3
15847,1,kmeans,3
15850,1,kmeans,3
15852,2,kmeans,3
15853,2,kmeans,3
15854,3,kmeans,3
15855,1,kmeans,3
15856,3,kmeans,3
15857,2,kmeans,3
15858,3,kmeans,3
15860,3,kmeans,3
15861,3,kmeans,3
15862,3,kmeans,3
15863,2,kmeans,3
15864,3,kmeans,3
15865,1,kmeans,3
15866,2,kmeans,3
15867,3,kmeans,3
15869,2,kmeans,3
15870,1,kmeans,3
15872,1,kmeans,3
15874,3,kmeans,3
15877,1,kmeans,3
15880,1,kmeans,3
15881,2,kmeans,3
15882,1,kmeans,3
15883,1,kmeans,3
15885,2,kmeans,3
15886,2,kmeans,3
15888,2,kmeans,3
15889,1,kmeans,3
15891,1,kmeans,3
15894,2,kmeans,3
15895,2,kmeans,3
15897,2,kmeans,3
15898,3,kmeans,3
15899,2,kmeans,3
15900,1,kmeans,3
15901,1,kmeans,3
15903,3,kmeans,3
15904,2,kmeans,3
15906,3,kmeans,3
15907,3,kmeans,3
15909,2,kmeans,3
15910,3,kmeans,3
15912,2,kmeans,3
15916,3,kmeans,3
15917,2,kmeans,3
15918,2,kmeans,3
15919,3,kmeans,3
15920,2,kmeans,3
15921,2,kmeans,3
15922,2,kmeans,3
15923,2,kmeans,3
15925,2,kmeans,3
15930,1,kmeans,3
15932,3,kmeans,3
15933,1,kmeans,3
15935,2,kmeans,3
15937,2,kmeans,3
15938,2,kmeans,3
15939,3,kmeans,3
15940,2,kmeans,3
15942,2,kmeans,3
15944,2,kmeans,3
15945,2,kmeans,3
15947,1,kmeans,3
15948,1,kmeans,3
15949,2,kmeans,3
15950,3,kmeans,3
15951,1,kmeans,3
15952,1,kmeans,3
15953,3,kmeans,3
15955,3,kmeans,3
15957,1,kmeans,3
15958,2,kmeans,3
15963,1,kmeans,3
15965,3,kmeans,3
15967,1,kmeans,3
15969,1,kmeans,3
15970,2,kmeans,3
15971,3,kmeans,3
15973,2,kmeans,3
15974,3,kmeans,3
15975,2,kmeans,3
15976,1,kmeans,3
15977,1,kmeans,3
15978,1,kmeans,3
15980,1,kmeans,3
15981,3,kmeans,3
15983,3,kmeans,3
15984,3,kmeans,3
15985,1,kmeans,3
15986,2,kmeans,3
15987,3,kmeans,3
15988,2,kmeans,3
15990,1,kmeans,3
15992,2,kmeans,3
15993,3,kmeans,3
15994,1,kmeans,3
15996,3,kmeans,3
15998,3,kmeans,3
16000,1,kmeans,3
16003,3,kmeans,3
16005,3,kmeans,3
16006,2,kmeans,3
16007,3,kmeans,3
16008,1,kmeans,3
16009,1,kmeans,3
16010,1,kmeans,3
16011,3,kmeans,3
16012,1,kmeans,3
16013,3,kmeans,3
16014,1,kmeans,3
16015,1,kmeans,3
16016,3,kmeans,3
16017,2,kmeans,3
16018,1,kmeans,3
16019,3,kmeans,3
16020,1,kmeans,3
16022,1,kmeans,3
16023,1,kmeans,3
16024,1,kmeans,3
16025,1,kmeans,3
16026,2,kmeans,3
16027,1,kmeans,3
16029,3,kmeans,3
16030,2,kmeans,3
16031,1,kmeans,3
16033,3,kmeans,3
16034,2,kmeans,3
16036,1,kmeans,3
16037,1,kmeans,3
16038,1,kmeans,3
16040,1,kmeans,3
16041,1,kmeans,3
16042,3,kmeans,3
16043,1,kmeans,3
16045,1,kmeans,3
16048,2,kmeans,3
16049,1,kmeans,3
16050,2,kmeans,3
16052,1,kmeans,3
16053,1,kmeans,3
16054,1,kmeans,3
16055,2,kmeans,3
16056,1,kmeans,3
16057,3,kmeans,3
16059,3,kmeans,3
16062,3,kmeans,3
16063,2,kmeans,3
16065,1,kmeans,3
16066,1,kmeans,3
16070,1,kmeans,3
16071,2,kmeans,3
16072,1,kmeans,3
16073,2,kmeans,3
16076,3,kmeans,3
16078,2,kmeans,3
16079,1,kmeans,3
16080,2,kmeans,3
16081,3,kmeans,3
16083,1,kmeans,3
16084,1,kmeans,3
16085,3,kmeans,3
16086,1,kmeans,3
16091,2,kmeans,3
16092,1,kmeans,3
16093,2,kmeans,3
16094,3,kmeans,3
16096,2,kmeans,3
16097,2,kmeans,3
16098,3,kmeans,3
16099,1,kmeans,3
16101,1,kmeans,3
16102,1,kmeans,3
16103,3,kmeans,3
16104,2,kmeans,3
16105,2,kmeans,3
16106,2,kmeans,3
16107,3,kmeans,3
16108,1,kmeans,3
16109,1,kmeans,3
16110,3,kmeans,3
16112,2,kmeans,3
16113,2,kmeans,3
16114,2,kmeans,3
16115,3,kmeans,3
16116,1,kmeans,3
16117,2,kmeans,3
16119,1,kmeans,3
16120,1,kmeans,3
16121,1,kmeans,3
16122,1,kmeans,3
16123,2,kmeans,3
16124,2,kmeans,3
16125,2,kmeans,3
16126,3,kmeans,3
16127,1,kmeans,3
16128,3,kmeans,3
16131,3,kmeans,3
16133,3,kmeans,3
16134,1,kmeans,3
16135,1,kmeans,3
16136,1,kmeans,3
16139,1,kmeans,3
16140,1,kmeans,3
16141,1,kmeans,3
16142,1,kmeans,3
16143,3,kmeans,3
16144,2,kmeans,3
16145,3,kmeans,3
16146,1,kmeans,3
16147,2,kmeans,3
16148,2,kmeans,3
16149,2,kmeans,3
16150,3,kmeans,3
16152,1,kmeans,3
16153,3,kmeans,3
16156,3,kmeans,3
16157,1,kmeans,3
16159,2,kmeans,3
16160,1,kmeans,3
16161,3,kmeans,3
16162,2,kmeans,3
16163,1,kmeans,3
16164,1,kmeans,3
16168,3,kmeans,3
16169,1,kmeans,3
16170,3,kmeans,3
16171,2,kmeans,3
16172,1,kmeans,3
16173,1,kmeans,3
16174,1,kmeans,3
16175,1,kmeans,3
16177,2,kmeans,3
16178,2,kmeans,3
16179,2,kmeans,3
16180,3,kmeans,3
16181,2,kmeans,3
16182,1,kmeans,3
16183,2,kmeans,3
16184,1,kmeans,3
16185,1,kmeans,3
16186,3,kmeans,3
16187,3,kmeans,3
16188,1,kmeans,3
16189,2,kmeans,3
16190,2,kmeans,3
16191,3,kmeans,3
16193,2,kmeans,3
16198,2,kmeans,3
16200,3,kmeans,3
16201,3,kmeans,3
16202,2,kmeans,3
16203,1,kmeans,3
16204,1,kmeans,3
16205,1,kmeans,3
16206,1,kmeans,3
16207,1,kmeans,3
16208,1,kmeans,3
16209,1,kmeans,3
16210,3,kmeans,3
16211,1,kmeans,3
16212,1,kmeans,3
16213,2,kmeans,3
16214,1,kmeans,3
16215,2,kmeans,3
16216,1,kmeans,3
16217,2,kmeans,3
16218,3,kmeans,3
16221,3,kmeans,3
16222,1,kmeans,3
16224,1,kmeans,3
16225,3,kmeans,3
16226,2,kmeans,3
16227,2,kmeans,3
16229,1,kmeans,3
16230,1,kmeans,3
16232,1,kmeans,3
16233,1,kmeans,3
16235,1,kmeans,3
16236,1,kmeans,3
16239,1,kmeans,3
16240,1,kmeans,3
16241,3,kmeans,3
16242,3,kmeans,3
16243,1,kmeans,3
16244,1,kmeans,3
16245,1,kmeans,3
16247,2,kmeans,3
16248,2,kmeans,3
16249,1,kmeans,3
16250,2,kmeans,3
16253,1,kmeans,3
16255,3,kmeans,3
16256,1,kmeans,3
16257,2,kmeans,3
16258,3,kmeans,3
16260,1,kmeans,3
16261,3,kmeans,3
16265,3,kmeans,3
16266,1,kmeans,3
16268,1,kmeans,3
16270,1,kmeans,3
16271,3,kmeans,3
16272,1,kmeans,3
16274,2,kmeans,3
16275,1,kmeans,3
16276,1,kmeans,3
16278,1,kmeans,3
16279,1,kmeans,3
16281,1,kmeans,3
16282,2,kmeans,3
16283,3,kmeans,3
16284,1,kmeans,3
16287,2,kmeans,3
16292,2,kmeans,3
16293,3,kmeans,3
16295,1,kmeans,3
16297,2,kmeans,3
16298,1,kmeans,3
16302,2,kmeans,3
16303,3,kmeans,3
16305,2,kmeans,3
16306,1,kmeans,3
16308,1,kmeans,3
16309,1,kmeans,3
16311,1,kmeans,3
16313,2,kmeans,3
16315,2,kmeans,3
16316,3,kmeans,3
16317,1,kmeans,3
16318,2,kmeans,3
16319,2,kmeans,3
16320,1,kmeans,3
16321,2,kmeans,3
16322,1,kmeans,3
16323,2,kmeans,3
16324,1,kmeans,3
16325,1,kmeans,3
16326,3,kmeans,3
16327,3,kmeans,3
16330,2,kmeans,3
16332,3,kmeans,3
16333,3,kmeans,3
16337,2,kmeans,3
16338,2,kmeans,3
16339,2,kmeans,3
16340,1,kmeans,3
16341,1,kmeans,3
16342,2,kmeans,3
16343,2,kmeans,3
16344,2,kmeans,3
16345,1,kmeans,3
16347,1,kmeans,3
16348,3,kmeans,3
16349,2,kmeans,3
16350,3,kmeans,3
16351,2,kmeans,3
16352,1,kmeans,3
16353,3,kmeans,3
16354,2,kmeans,3
16356,2,kmeans,3
16357,1,kmeans,3
16358,3,kmeans,3
16359,3,kmeans,3
16360,3,kmeans,3
16361,1,kmeans,3
16362,1,kmeans,3
16363,2,kmeans,3
16364,1,kmeans,3
16365,3,kmeans,3
16366,2,kmeans,3
16367,1,kmeans,3
16368,1,kmeans,3
16369,1,kmeans,3
16370,1,kmeans,3
16372,1,kmeans,3
16374,1,kmeans,3
16376,1,kmeans,3
16377,2,kmeans,3
16378,2,kmeans,3
16379,3,kmeans,3
16380,1,kmeans,3
16383,1,kmeans,3
16384,1,kmeans,3
16385,1,kmeans,3
16386,1,kmeans,3
16387,2,kmeans,3
16389,1,kmeans,3
16392,2,kmeans,3
16393,3,kmeans,3
16394,1,kmeans,3
16395,3,kmeans,3
16398,1,kmeans,3
16399,1,kmeans,3
16400,2,kmeans,3
16401,3,kmeans,3
16402,2,kmeans,3
16403,2,kmeans,3
16404,1,kmeans,3
16405,2,kmeans,3
16406,2,kmeans,3
16407,3,kmeans,3
16409,3,kmeans,3
16411,1,kmeans,3
16412,2,kmeans,3
16413,2,kmeans,3
16414,2,kmeans,3
16415,2,kmeans,3
16416,1,kmeans,3
16418,1,kmeans,3
16419,1,kmeans,3
16422,3,kmeans,3
16423,2,kmeans,3
16424,2,kmeans,3
16425,2,kmeans,3
16426,3,kmeans,3
16427,2,kmeans,3
16429,2,kmeans,3
16430,2,kmeans,3
16431,1,kmeans,3
16432,2,kmeans,3
16433,2,kmeans,3
16434,3,kmeans,3
16438,1,kmeans,3
16440,3,kmeans,3
16441,1,kmeans,3
16442,3,kmeans,3
16444,1,kmeans,3
16445,2,kmeans,3
16446,3,kmeans,3
16447,2,kmeans,3
16448,2,kmeans,3
16449,1,kmeans,3
16450,2,kmeans,3
16451,2,kmeans,3
16454,2,kmeans,3
16455,3,kmeans,3
16456,3,kmeans,3
16457,2,kmeans,3
16458,3,kmeans,3
16460,1,kmeans,3
16461,2,kmeans,3
16462,2,kmeans,3
16463,1,kmeans,3
16464,1,kmeans,3
16466,3,kmeans,3
16468,2,kmeans,3
16469,3,kmeans,3
16470,3,kmeans,3
16471,2,kmeans,3
16473,2,kmeans,3
16474,3,kmeans,3
16475,1,kmeans,3
16477,3,kmeans,3
16478,2,kmeans,3
16479,2,kmeans,3
16480,1,kmeans,3
16482,2,kmeans,3
16483,2,kmeans,3
16484,2,kmeans,3
16485,1,kmeans,3
16488,1,kmeans,3
16491,1,kmeans,3
16493,1,kmeans,3
16494,1,kmeans,3
16495,3,kmeans,3
16496,3,kmeans,3
16497,3,kmeans,3
16498,2,kmeans,3
16499,2,kmeans,3
16500,3,kmeans,3
16503,1,kmeans,3
16504,1,kmeans,3
16505,1,kmeans,3
16506,2,kmeans,3
16509,2,kmeans,3
16510,2,kmeans,3
16511,3,kmeans,3
16513,1,kmeans,3
16515,3,kmeans,3
16516,2,kmeans,3
16517,2,kmeans,3
16518,1,kmeans,3
16519,2,kmeans,3
16520,1,kmeans,3
16523,3,kmeans,3
16525,3,kmeans,3
16526,2,kmeans,3
16527,2,kmeans,3
16528,2,kmeans,3
16529,1,kmeans,3
16531,3,kmeans,3
16532,1,kmeans,3
16533,1,kmeans,3
16535,1,kmeans,3
16536,1,kmeans,3
16539,3,kmeans,3
16542,2,kmeans,3
16545,2,kmeans,3
16546,1,kmeans,3
16549,3,kmeans,3
16550,3,kmeans,3
16551,1,kmeans,3
16552,2,kmeans,3
16553,3,kmeans,3
16554,1,kmeans,3
16555,2,kmeans,3
16556,3,kmeans,3
16557,2,kmeans,3
16558,3,kmeans,3
16560,1,kmeans,3
16561,1,kmeans,3
16563,1,kmeans,3
16565,2,kmeans,3
16566,1,kmeans,3
16567,1,kmeans,3
16569,2,kmeans,3
16570,3,kmeans,3
16571,1,kmeans,3
16572,1,kmeans,3
16573,1,kmeans,3
16574,1,kmeans,3
16581,2,kmeans,3
16582,2,kmeans,3
16583,2,kmeans,3
16584,1,kmeans,3
16586,2,kmeans,3
16587,2,kmeans,3
16589,1,kmeans,3
16591,2,kmeans,3
16592,3,kmeans,3
16593,1,kmeans,3
16594,2,kmeans,3
16595,1,kmeans,3
16596,2,kmeans,3
16597,2,kmeans,3
16598,2,kmeans,3
16600,3,kmeans,3
16601,2,kmeans,3
16602,1,kmeans,3
16603,1,kmeans,3
16607,3,kmeans,3
16609,3,kmeans,3
16610,2,kmeans,3
16611,2,kmeans,3
16612,3,kmeans,3
16613,1,kmeans,3
16614,1,kmeans,3
16616,1,kmeans,3
16617,2,kmeans,3
16618,3,kmeans,3
16619,2,kmeans,3
16620,2,kmeans,3
16621,1,kmeans,3
16623,2,kmeans,3
16624,1,kmeans,3
16625,2,kmeans,3
16626,3,kmeans,3
16627,2,kmeans,3
16628,3,kmeans,3
16629,1,kmeans,3
16633,3,kmeans,3
16634,2,kmeans,3
16637,1,kmeans,3
16638,3,kmeans,3
16639,1,kmeans,3
16641,2,kmeans,3
16642,1,kmeans,3
16643,1,kmeans,3
16644,1,kmeans,3
16647,2,kmeans,3
16648,2,kmeans,3
16650,1,kmeans,3
16652,3,kmeans,3
16653,1,kmeans,3
16654,1,kmeans,3
16655,3,kmeans,3
16656,3,kmeans,3
16657,3,kmeans,3
16658,2,kmeans,3
16659,2,kmeans,3
16660,3,kmeans,3
16665,2,kmeans,3
16666,2,kmeans,3
16667,1,kmeans,3
16668,2,kmeans,3
16669,1,kmeans,3
16670,3,kmeans,3
16671,1,kmeans,3
16672,3,kmeans,3
16674,1,kmeans,3
16676,3,kmeans,3
16678,3,kmeans,3
16679,2,kmeans,3
16680,2,kmeans,3
16681,1,kmeans,3
16682,3,kmeans,3
16684,3,kmeans,3
16685,2,kmeans,3
16686,3,kmeans,3
16688,3,kmeans,3
16689,2,kmeans,3
16690,2,kmeans,3
16692,2,kmeans,3
16693,1,kmeans,3
16696,2,kmeans,3
16697,2,kmeans,3
16698,1,kmeans,3
16700,3,kmeans,3
16701,3,kmeans,3
16705,3,kmeans,3
16706,1,kmeans,3
16708,1,kmeans,3
16709,1,kmeans,3
16710,3,kmeans,3
16711,3,kmeans,3
16712,3,kmeans,3
16713,3,kmeans,3
16714,1,kmeans,3
16715,2,kmeans,3
16716,2,kmeans,3
16717,3,kmeans,3
16718,1,kmeans,3
16719,3,kmeans,3
16720,2,kmeans,3
16721,2,kmeans,3
16722,3,kmeans,3
16723,1,kmeans,3
16725,1,kmeans,3
16726,3,kmeans,3
16727,2,kmeans,3
16728,3,kmeans,3
16729,3,kmeans,3
16730,1,kmeans,3
16732,1,kmeans,3
16734,1,kmeans,3
16735,3,kmeans,3
16737,2,kmeans,3
16738,2,kmeans,3
16739,2,kmeans,3
16743,3,kmeans,3
16744,3,kmeans,3
16745,3,kmeans,3
16746,3,kmeans,3
16747,1,kmeans,3
16748,3,kmeans,3
16750,1,kmeans,3
16751,1,kmeans,3
16752,2,kmeans,3
16753,2,kmeans,3
16754,1,kmeans,3
16755,1,kmeans,3
16756,2,kmeans,3
16757,2,kmeans,3
16758,2,kmeans,3
16759,1,kmeans,3
16761,2,kmeans,3
16762,1,kmeans,3
16763,1,kmeans,3
16764,3,kmeans,3
16765,2,kmeans,3
16766,1,kmeans,3
16767,3,kmeans,3
16768,1,kmeans,3
16769,2,kmeans,3
16770,3,kmeans,3
16771,3,kmeans,3
16773,2,kmeans,3
16774,1,kmeans,3
16775,3,kmeans,3
16776,1,kmeans,3
16777,2,kmeans,3
16778,2,kmeans,3
16779,3,kmeans,3
16780,1,kmeans,3
16781,2,kmeans,3
16782,3,kmeans,3
16784,2,kmeans,3
16788,1,kmeans,3
16789,2,kmeans,3
16790,3,kmeans,3
16791,3,kmeans,3
16792,2,kmeans,3
16793,2,kmeans,3
16794,3,kmeans,3
16795,1,kmeans,3
16796,2,kmeans,3
16800,1,kmeans,3
16801,1,kmeans,3
16803,2,kmeans,3
16804,1,kmeans,3
16805,1,kmeans,3
16806,1,kmeans,3
16807,1,kmeans,3
16808,2,kmeans,3
16809,3,kmeans,3
16810,2,kmeans,3
16811,1,kmeans,3
16812,2,kmeans,3
16813,3,kmeans,3
16814,3,kmeans,3
16816,1,kmeans,3
16817,3,kmeans,3
16818,3,kmeans,3
16820,1,kmeans,3
16823,2,kmeans,3
16824,1,kmeans,3
16825,1,kmeans,3
16826,2,kmeans,3
16828,2,kmeans,3
16829,2,kmeans,3
16830,2,kmeans,3
16832,2,kmeans,3
16833,3,kmeans,3
16834,2,kmeans,3
16835,2,kmeans,3
16836,2,kmeans,3
16837,3,kmeans,3
16838,1,kmeans,3
16839,3,kmeans,3
16841,3,kmeans,3
16842,1,kmeans,3
16843,3,kmeans,3
16846,2,kmeans,3
16847,2,kmeans,3
16848,2,kmeans,3
16849,2,kmeans,3
16850,2,kmeans,3
16851,2,kmeans,3
16852,2,kmeans,3
16855,2,kmeans,3
16856,2,kmeans,3
16858,2,kmeans,3
16859,1,kmeans,3
16861,2,kmeans,3
16863,1,kmeans,3
16866,2,kmeans,3
16869,1,kmeans,3
16871,3,kmeans,3
16872,2,kmeans,3
16873,3,kmeans,3
16875,3,kmeans,3
16877,3,kmeans,3
16878,2,kmeans,3
16880,3,kmeans,3
16881,2,kmeans,3
16882,1,kmeans,3
16883,2,kmeans,3
16884,2,kmeans,3
16885,3,kmeans,3
16887,2,kmeans,3
16889,1,kmeans,3
16891,3,kmeans,3
16892,3,kmeans,3
16893,2,kmeans,3
16895,2,kmeans,3
16897,2,kmeans,3
16898,3,kmeans,3
16899,3,kmeans,3
16900,1,kmeans,3
16902,1,kmeans,3
16903,1,kmeans,3
16904,3,kmeans,3
16905,3,kmeans,3
16906,1,kmeans,3
16907,3,kmeans,3
16909,2,kmeans,3
16910,3,kmeans,3
16912,3,kmeans,3
16913,2,kmeans,3
16914,2,kmeans,3
16915,3,kmeans,3
16916,3,kmeans,3
16917,2,kmeans,3
16918,3,kmeans,3
16919,3,kmeans,3
16921,2,kmeans,3
16923,3,kmeans,3
16924,1,kmeans,3
16926,2,kmeans,3
16927,2,kmeans,3
16928,3,kmeans,3
16929,3,kmeans,3
16930,1,kmeans,3
16931,3,kmeans,3
16932,2,kmeans,3
16933,3,kmeans,3
16934,1,kmeans,3
16936,1,kmeans,3
16938,3,kmeans,3
16940,3,kmeans,3
16942,3,kmeans,3
16943,1,kmeans,3
16945,3,kmeans,3
16947,2,kmeans,3
16948,2,kmeans,3
16949,3,kmeans,3
16950,1,kmeans,3
16951,1,kmeans,3
16952,2,kmeans,3
16953,2,kmeans,3
16954,3,kmeans,3
16955,2,kmeans,3
16956,2,kmeans,3
16957,2,kmeans,3
16959,2,kmeans,3
16960,1,kmeans,3
16961,2,kmeans,3
16963,2,kmeans,3
16965,2,kmeans,3
16966,3,kmeans,3
16967,2,kmeans,3
16968,1,kmeans,3
16969,1,kmeans,3
16971,1,kmeans,3
16976,2,kmeans,3
16978,1,kmeans,3
16979,3,kmeans,3
16980,1,kmeans,3
16982,1,kmeans,3
16983,3,kmeans,3
16984,1,kmeans,3
16985,3,kmeans,3
16986,1,kmeans,3
16987,3,kmeans,3
16988,2,kmeans,3
16989,1,kmeans,3
16990,2,kmeans,3
16992,3,kmeans,3
16996,3,kmeans,3
16997,2,kmeans,3
16998,2,kmeans,3
16999,1,kmeans,3
17001,3,kmeans,3
17002,1,kmeans,3
17004,1,kmeans,3
17006,1,kmeans,3
17007,3,kmeans,3
17010,2,kmeans,3
17011,2,kmeans,3
17014,1,kmeans,3
17015,1,kmeans,3
17017,3,kmeans,3
17018,1,kmeans,3
17019,3,kmeans,3
17022,2,kmeans,3
17024,2,kmeans,3
17025,2,kmeans,3
17026,2,kmeans,3
17027,3,kmeans,3
17029,2,kmeans,3
17030,2,kmeans,3
17031,1,kmeans,3
17033,1,kmeans,3
17034,1,kmeans,3
17035,2,kmeans,3
17037,1,kmeans,3
17038,2,kmeans,3
17040,2,kmeans,3
17041,3,kmeans,3
17042,3,kmeans,3
17043,3,kmeans,3
17044,1,kmeans,3
17045,2,kmeans,3
17046,1,kmeans,3
17047,1,kmeans,3
17048,1,kmeans,3
17049,3,kmeans,3
17050,3,kmeans,3
17051,2,kmeans,3
17052,1,kmeans,3
17053,1,kmeans,3
17054,3,kmeans,3
17058,1,kmeans,3
17059,3,kmeans,3
17060,2,kmeans,3
17061,3,kmeans,3
17062,1,kmeans,3
17063,3,kmeans,3
17064,1,kmeans,3
17068,3,kmeans,3
17069,3,kmeans,3
17070,1,kmeans,3
17071,3,kmeans,3
17073,1,kmeans,3
17075,3,kmeans,3
17076,1,kmeans,3
17078,2,kmeans,3
17079,2,kmeans,3
17080,2,kmeans,3
17081,2,kmeans,3
17082,1,kmeans,3
17083,1,kmeans,3
17084,1,kmeans,3
17085,1,kmeans,3
17086,3,kmeans,3
17088,3,kmeans,3
17090,3,kmeans,3
17091,3,kmeans,3
17092,3,kmeans,3
17094,2,kmeans,3
17095,3,kmeans,3
17096,3,kmeans,3
17097,3,kmeans,3
17100,1,kmeans,3
17101,1,kmeans,3
17102,2,kmeans,3
17105,1,kmeans,3
17107,3,kmeans,3
17109,3,kmeans,3
17110,2,kmeans,3
17111,2,kmeans,3
17114,3,kmeans,3
17115,1,kmeans,3
17117,2,kmeans,3
17118,2,kmeans,3
17119,1,kmeans,3
17120,2,kmeans,3
17122,2,kmeans,3
17123,2,kmeans,3
17124,2,kmeans,3
17125,2,kmeans,3
17126,1,kmeans,3
17128,2,kmeans,3
17131,3,kmeans,3
17133,3,kmeans,3
17134,1,kmeans,3
17135,3,kmeans,3
17138,2,kmeans,3
17139,3,kmeans,3
17140,2,kmeans,3
17142,1,kmeans,3
17144,1,kmeans,3
17146,1,kmeans,3
17147,3,kmeans,3
17148,2,kmeans,3
17152,1,kmeans,3
17153,2,kmeans,3
17154,2,kmeans,3
17155,2,kmeans,3
17157,2,kmeans,3
17158,3,kmeans,3
17159,1,kmeans,3
17160,3,kmeans,3
17162,3,kmeans,3
17163,2,kmeans,3
17164,3,kmeans,3
17165,2,kmeans,3
17166,2,kmeans,3
17169,1,kmeans,3
17171,2,kmeans,3
17172,2,kmeans,3
17173,3,kmeans,3
17174,2,kmeans,3
17175,1,kmeans,3
17176,2,kmeans,3
17179,1,kmeans,3
17180,1,kmeans,3
17181,2,kmeans,3
17183,3,kmeans,3
17186,2,kmeans,3
17187,2,kmeans,3
17188,3,kmeans,3
17189,1,kmeans,3
17190,1,kmeans,3
17191,3,kmeans,3
17193,1,kmeans,3
17194,2,kmeans,3
17197,1,kmeans,3
17198,3,kmeans,3
17201,2,kmeans,3
17203,1,kmeans,3
17204,1,kmeans,3
17205,2,kmeans,3
17206,2,kmeans,3
17211,3,kmeans,3
17212,2,kmeans,3
17213,3,kmeans,3
17214,3,kmeans,3
17217,2,kmeans,3
17218,3,kmeans,3
17219,2,kmeans,3
17220,3,kmeans,3
17221,1,kmeans,3
17222,2,kmeans,3
17223,2,kmeans,3
17226,2,kmeans,3
17227,3,kmeans,3
17228,3,kmeans,3
17229,2,kmeans,3
17230,1,kmeans,3
17231,3,kmeans,3
17232,1,kmeans,3
17233,2,kmeans,3
17234,2,kmeans,3
17235,1,kmeans,3
17236,3,kmeans,3
17237,2,kmeans,3
17238,3,kmeans,3
17239,2,kmeans,3
17242,1,kmeans,3
17243,3,kmeans,3
17244,1,kmeans,3
17245,2,kmeans,3
17247,1,kmeans,3
17248,1,kmeans,3
17250,1,kmeans,3
17251,2,kmeans,3
17252,1,kmeans,3
17253,2,kmeans,3
17254,1,kmeans,3
17255,1,kmeans,3
17256,2,kmeans,3
17259,1,kmeans,3
17262,1,kmeans,3
17263,2,kmeans,3
17265,1,kmeans,3
17266,1,kmeans,3
17267,2,kmeans,3
17268,2,kmeans,3
17272,1,kmeans,3
17274,2,kmeans,3
17277,1,kmeans,3
17278,2,kmeans,3
17279,2,kmeans,3
17282,1,kmeans,3
17284,3,kmeans,3
17286,2,kmeans,3
17287,3,kmeans,3
17288,3,kmeans,3
17289,1,kmeans,3
17290,1,kmeans,3
17291,2,kmeans,3
17293,3,kmeans,3
17295,1,kmeans,3
17297,2,kmeans,3
17298,1,kmeans,3
17299,1,kmeans,3
17301,2,kmeans,3
17302,3,kmeans,3
17303,2,kmeans,3
17306,3,kmeans,3
17309,2,kmeans,3
17311,1,kmeans,3
17312,2,kmeans,3
17313,1,kmeans,3
17314,3,kmeans,3
17315,3,kmeans,3
17317,1,kmeans,3
17320,1,kmeans,3
17321,1,kmeans,3
17323,3,kmeans,3
17324,3,kmeans,3
17325,2,kmeans,3
17329,1,kmeans,3
17330,2,kmeans,3
17331,2,kmeans,3
17333,1,kmeans,3
17334,2,kmeans,3
17337,1,kmeans,3
17338,3,kmeans,3
17339,2,kmeans,3
17340,3,kmeans,3
17341,1,kmeans,3
17343,2,kmeans,3
17344,2,kmeans,3
17345,1,kmeans,3
17346,3,kmeans,3
17347,2,kmeans,3
17348,3,kmeans,3
17349,2,kmeans,3
17350,1,kmeans,3
17351,1,kmeans,3
17353,1,kmeans,3
17354,1,kmeans,3
17356,2,kmeans,3
17357,1,kmeans,3
17358,2,kmeans,3
17359,2,kmeans,3
17360,1,kmeans,3
17361,1,kmeans,3
17362,2,kmeans,3
17364,3,kmeans,3
17365,3,kmeans,3
17367,2,kmeans,3
17368,3,kmeans,3
17370,2,kmeans,3
17371,3,kmeans,3
17372,3,kmeans,3
17373,1,kmeans,3
17374,2,kmeans,3
17375,1,kmeans,3
17376,2,kmeans,3
17377,3,kmeans,3
17379,1,kmeans,3
17381,3,kmeans,3
17382,2,kmeans,3
17383,2,kmeans,3
17384,2,kmeans,3
17385,1,kmeans,3
17386,3,kmeans,3
17387,1,kmeans,3
17388,1,kmeans,3
17389,3,kmeans,3
17391,2,kmeans,3
17392,2,kmeans,3
17394,2,kmeans,3
17396,3,kmeans,3
17397,1,kmeans,3
17398,1,kmeans,3
17400,3,kmeans,3
17402,3,kmeans,3
17403,2,kmeans,3
17404,3,kmeans,3
17405,3,kmeans,3
17406,1,kmeans,3
17408,2,kmeans,3
17409,1,kmeans,3
17410,3,kmeans,3
17411,1,kmeans,3
17412,3,kmeans,3
17414,1,kmeans,3
17415,1,kmeans,3
17416,3,kmeans,3
17418,1,kmeans,3
17419,3,kmeans,3
17420,1,kmeans,3
17422,3,kmeans,3
17423,1,kmeans,3
17425,1,kmeans,3
17426,3,kmeans,3
17427,2,kmeans,3
17428,3,kmeans,3
17429,1,kmeans,3
17430,2,kmeans,3
17431,1,kmeans,3
17432,1,kmeans,3
17433,1,kmeans,3
17434,3,kmeans,3
17436,2,kmeans,3
17438,2,kmeans,3
17440,2,kmeans,3
17442,3,kmeans,3
17443,2,kmeans,3
17444,1,kmeans,3
17446,2,kmeans,3
17447,1,kmeans,3
17449,3,kmeans,3
17450,3,kmeans,3
17451,3,kmeans,3
17453,1,kmeans,3
17454,1,kmeans,3
17455,2,kmeans,3
17456,2,kmeans,3
17457,1,kmeans,3
17458,1,kmeans,3
17459,1,kmeans,3
17460,1,kmeans,3
17461,1,kmeans,3
17462,1,kmeans,3
17463,3,kmeans,3
17464,2,kmeans,3
17466,1,kmeans,3
17468,2,kmeans,3
17469,3,kmeans,3
17470,3,kmeans,3
17472,1,kmeans,3
17475,2,kmeans,3
17480,1,kmeans,3
17481,3,kmeans,3
17483,2,kmeans,3
17486,2,kmeans,3
17489,1,kmeans,3
17490,3,kmeans,3
17491,3,kmeans,3
17492,2,kmeans,3
17495,1,kmeans,3
17496,2,kmeans,3
17498,2,kmeans,3
17499,1,kmeans,3
17500,1,kmeans,3
17501,2,kmeans,3
17502,1,kmeans,3
17503,1,kmeans,3
17504,1,kmeans,3
17505,1,kmeans,3
17506,2,kmeans,3
17507,1,kmeans,3
17508,2,kmeans,3
17509,1,kmeans,3
17510,2,kmeans,3
17511,3,kmeans,3
17512,3,kmeans,3
17513,2,kmeans,3
17514,2,kmeans,3
17515,1,kmeans,3
17516,3,kmeans,3
17517,2,kmeans,3
17519,3,kmeans,3
17520,1,kmeans,3
17521,1,kmeans,3
17522,3,kmeans,3
17523,1,kmeans,3
17524,2,kmeans,3
17525,2,kmeans,3
17526,3,kmeans,3
17527,1,kmeans,3
17528,3,kmeans,3
17530,3,kmeans,3
17531,2,kmeans,3
17534,2,kmeans,3
17535,2,kmeans,3
17536,2,kmeans,3
17537,1,kmeans,3
17538,2,kmeans,3
17540,1,kmeans,3
17542,2,kmeans,3
17545,1,kmeans,3
17548,2,kmeans,3
17549,2,kmeans,3
17550,2,kmeans,3
17551,2,kmeans,3
17552,1,kmeans,3
17553,1,kmeans,3
17554,3,kmeans,3
17555,1,kmeans,3
17556,2,kmeans,3
17557,1,kmeans,3
17560,1,kmeans,3
17561,2,kmeans,3
17562,3,kmeans,3
17564,1,kmeans,3
17566,1,kmeans,3
17567,3,kmeans,3
17569,2,kmeans,3
17571,3,kmeans,3
17572,2,kmeans,3
17573,2,kmeans,3
17574,2,kmeans,3
17576,3,kmeans,3
17578,2,kmeans,3
17579,1,kmeans,3
17580,2,kmeans,3
17581,3,kmeans,3
17582,2,kmeans,3
17584,1,kmeans,3
17585,1,kmeans,3
17588,1,kmeans,3
17589,3,kmeans,3
17590,3,kmeans,3
17591,3,kmeans,3
17593,3,kmeans,3
17594,1,kmeans,3
17595,1,kmeans,3
17596,3,kmeans,3
17597,1,kmeans,3
17600,2,kmeans,3
17601,2,kmeans,3
17602,3,kmeans,3
17603,2,kmeans,3
17604,2,kmeans,3
17608,2,kmeans,3
17609,3,kmeans,3
17611,3,kmeans,3
17612,3,kmeans,3
17613,3,kmeans,3
17614,1,kmeans,3
17615,2,kmeans,3
17616,2,kmeans,3
17618,3,kmeans,3
17619,2,kmeans,3
17620,2,kmeans,3
17621,3,kmeans,3
17623,1,kmeans,3
17624,1,kmeans,3
17625,3,kmeans,3
17628,2,kmeans,3
17629,3,kmeans,3
17630,1,kmeans,3
17631,3,kmeans,3
17633,1,kmeans,3
17634,3,kmeans,3
17636,2,kmeans,3
17637,1,kmeans,3
17639,2,kmeans,3
17640,1,kmeans,3
17642,1,kmeans,3
17643,2,kmeans,3
17644,3,kmeans,3
17646,1,kmeans,3
17647,2,kmeans,3
17648,1,kmeans,3
17649,1,kmeans,3
17650,2,kmeans,3
17651,3,kmeans,3
17652,3,kmeans,3
17653,1,kmeans,3
17654,2,kmeans,3
17655,3,kmeans,3
17656,1,kmeans,3
17658,1,kmeans,3
17659,3,kmeans,3
17660,2,kmeans,3
17663,3,kmeans,3
17664,1,kmeans,3
17666,1,kmeans,3
17667,3,kmeans,3
17668,1,kmeans,3
17669,3,kmeans,3
17670,2,kmeans,3
17671,3,kmeans,3
17672,1,kmeans,3
17673,3,kmeans,3
17674,1,kmeans,3
17675,3,kmeans,3
17676,3,kmeans,3
17677,3,kmeans,3
17678,2,kmeans,3
17679,1,kmeans,3
17680,2,kmeans,3
17682,3,kmeans,3
17684,2,kmeans,3
17685,3,kmeans,3
17686,3,kmeans,3
17690,3,kmeans,3
17691,2,kmeans,3
17692,1,kmeans,3
17693,2,kmeans,3
17694,2,kmeans,3
17695,1,kmeans,3
17696,3,kmeans,3
17697,2,kmeans,3
17698,2,kmeans,3
17700,3,kmeans,3
17701,2,kmeans,3
17702,1,kmeans,3
17703,1,kmeans,3
17704,1,kmeans,3
17705,3,kmeans,3
17706,3,kmeans,3
17707,2,kmeans,3
17708,2,kmeans,3
17709,2,kmeans,3
17711,1,kmeans,3
17712,1,kmeans,3
17714,2,kmeans,3
17715,2,kmeans,3
17716,3,kmeans,3
17718,2,kmeans,3
17719,3,kmeans,3
17720,3,kmeans,3
17722,3,kmeans,3
17723,1,kmeans,3
17724,1,kmeans,3
17725,3,kmeans,3
17727,1,kmeans,3
17728,3,kmeans,3
17730,3,kmeans,3
17731,1,kmeans,3
17732,2,kmeans,3
17733,1,kmeans,3
17734,1,kmeans,3
17735,3,kmeans,3
17736,1,kmeans,3
17737,2,kmeans,3
17738,3,kmeans,3
17739,3,kmeans,3
17742,2,kmeans,3
17744,3,kmeans,3
17746,2,kmeans,3
17747,2,kmeans,3
17749,1,kmeans,3
17750,3,kmeans,3
17752,2,kmeans,3
17754,3,kmeans,3
17757,3,kmeans,3
17758,3,kmeans,3
17759,1,kmeans,3
17760,1,kmeans,3
17761,1,kmeans,3
17763,2,kmeans,3
17764,1,kmeans,3
17765,2,kmeans,3
17767,2,kmeans,3
17768,3,kmeans,3
17769,3,kmeans,3
17770,1,kmeans,3
17771,1,kmeans,3
17772,2,kmeans,3
17774,1,kmeans,3
17775,2,kmeans,3
17777,1,kmeans,3
17779,1,kmeans,3
17781,2,kmeans,3
17783,1,kmeans,3
17785,2,kmeans,3
17786,1,kmeans,3
17787,1,kmeans,3
17788,1,kmeans,3
17789,2,kmeans,3
17790,3,kmeans,3
17791,2,kmeans,3
17793,1,kmeans,3
17795,2,kmeans,3
17796,3,kmeans,3
17797,1,kmeans,3
17799,3,kmeans,3
17800,3,kmeans,3
17802,1,kmeans,3
17805,1,kmeans,3
17806,1,kmeans,3
17809,3,kmeans,3
17811,3,kmeans,3
17812,3,kmeans,3
17813,3,kmeans,3
17816,2,kmeans,3
17817,3,kmeans,3
17819,3,kmeans,3
17824,2,kmeans,3
17827,3,kmeans,3
17828,1,kmeans,3
17829,1,kmeans,3
17830,3,kmeans,3
17831,2,kmeans,3
17832,2,kmeans,3
17835,1,kmeans,3
17836,2,kmeans,3
17837,3,kmeans,3
17838,3,kmeans,3
17839,1,kmeans,3
17841,3,kmeans,3
17843,2,kmeans,3
17844,2,kmeans,3
17848,3,kmeans,3
17849,2,kmeans,3
17850,1,kmeans,3
17852,2,kmeans,3
17854,2,kmeans,3
17855,2,kmeans,3
17856,3,kmeans,3
17857,3,kmeans,3
17858,3,kmeans,3
17859,2,kmeans,3
17860,2,kmeans,3
17861,3,kmeans,3
17862,2,kmeans,3
17863,3,kmeans,3
17864,3,kmeans,3
17865,3,kmeans,3
17866,2,kmeans,3
17867,3,kmeans,3
17869,1,kmeans,3
17870,3,kmeans,3
17871,2,kmeans,3
17873,1,kmeans,3
17874,1,kmeans,3
17877,2,kmeans,3
17878,1,kmeans,3
17879,2,kmeans,3
17880,1,kmeans,3
17881,2,kmeans,3
17883,3,kmeans,3
17884,3,kmeans,3
17885,2,kmeans,3
17886,1,kmeans,3
17887,2,kmeans,3
17888,3,kmeans,3
17889,2,kmeans,3
17890,1,kmeans,3
17891,2,kmeans,3
17892,2,kmeans,3
17893,2,kmeans,3
17894,3,kmeans,3
17895,2,kmeans,3
17896,2,kmeans,3
17897,1,kmeans,3
17898,2,kmeans,3
17899,2,kmeans,3
17900,2,kmeans,3
17901,2,kmeans,3
17904,2,kmeans,3
17905,1,kmeans,3
17906,2,kmeans,3
17908,2,kmeans,3
17911,1,kmeans,3
17912,2,kmeans,3
17913,1,kmeans,3
17914,1,kmeans,3
17917,1,kmeans,3
17919,1,kmeans,3
17920,3,kmeans,3
17921,1,kmeans,3
17923,2,kmeans,3
17924,3,kmeans,3
17925,2,kmeans,3
17926,2,kmeans,3
17928,2,kmeans,3
17929,1,kmeans,3
17930,1,kmeans,3
17931,1,kmeans,3
17932,1,kmeans,3
17934,1,kmeans,3
17935,2,kmeans,3
17936,1,kmeans,3
17937,3,kmeans,3
17939,2,kmeans,3
17940,1,kmeans,3
17941,2,kmeans,3
17942,2,kmeans,3
17946,2,kmeans,3
17947,2,kmeans,3
17948,2,kmeans,3
17949,3,kmeans,3
17950,1,kmeans,3
17951,1,kmeans,3
17954,3,kmeans,3
17955,2,kmeans,3
17956,2,kmeans,3
17957,2,kmeans,3
17958,2,kmeans,3
17960,2,kmeans,3
17961,3,kmeans,3
17962,2,kmeans,3
17964,1,kmeans,3
17965,3,kmeans,3
17966,1,kmeans,3
17967,2,kmeans,3
17968,2,kmeans,3
17969,2,kmeans,3
17970,1,kmeans,3
17972,2,kmeans,3
17973,2,kmeans,3
17974,1,kmeans,3
17975,3,kmeans,3
17976,2,kmeans,3
17977,2,kmeans,3
17978,2,kmeans,3
17979,1,kmeans,3
17980,1,kmeans,3
17984,2,kmeans,3
17985,1,kmeans,3
17986,2,kmeans,3
17987,2,kmeans,3
17988,3,kmeans,3
17990,1,kmeans,3
17991,2,kmeans,3
17994,1,kmeans,3
17995,2,kmeans,3
17997,1,kmeans,3
17999,1,kmeans,3
18001,1,kmeans,3
18004,2,kmeans,3
18005,2,kmeans,3
18006,1,kmeans,3
18008,3,kmeans,3
18009,2,kmeans,3
18010,2,kmeans,3
18011,2,kmeans,3
18013,2,kmeans,3
18014,2,kmeans,3
18015,2,kmeans,3
18016,3,kmeans,3
18017,2,kmeans,3
18018,2,kmeans,3
18019,2,kmeans,3
18022,1,kmeans,3
18024,2,kmeans,3
18027,2,kmeans,3
18030,2,kmeans,3
18032,2,kmeans,3
18033,2,kmeans,3
18034,1,kmeans,3
18035,1,kmeans,3
18036,1,kmeans,3
18037,2,kmeans,3
18040,1,kmeans,3
18041,3,kmeans,3
18042,2,kmeans,3
18043,3,kmeans,3
18044,3,kmeans,3
18045,2,kmeans,3
18048,2,kmeans,3
18050,2,kmeans,3
18053,2,kmeans,3
18055,3,kmeans,3
18056,2,kmeans,3
18058,2,kmeans,3
18059,2,kmeans,3
18061,3,kmeans,3
18062,1,kmeans,3
18064,1,kmeans,3
18065,3,kmeans,3
18066,2,kmeans,3
18067,1,kmeans,3
18068,2,kmeans,3
18069,3,kmeans,3
18071,2,kmeans,3
18072,2,kmeans,3
18073,1,kmeans,3
18074,2,kmeans,3
18075,3,kmeans,3
18077,3,kmeans,3
18078,2,kmeans,3
18079,3,kmeans,3
18080,1,kmeans,3
18081,2,kmeans,3
18082,1,kmeans,3
18084,2,kmeans,3
18085,1,kmeans,3
18086,2,kmeans,3
18087,1,kmeans,3
18088,2,kmeans,3
18092,3,kmeans,3
18093,1,kmeans,3
18094,3,kmeans,3
18095,2,kmeans,3
18096,1,kmeans,3
18097,3,kmeans,3
18099,2,kmeans,3
18101,2,kmeans,3
18102,3,kmeans,3
18104,1,kmeans,3
18105,2,kmeans,3
18106,1,kmeans,3
18108,2,kmeans,3
18109,3,kmeans,3
18110,2,kmeans,3
18112,1,kmeans,3
18113,2,kmeans,3
18114,2,kmeans,3
18116,3,kmeans,3
18117,1,kmeans,3
18118,3,kmeans,3
18119,2,kmeans,3
18120,2,kmeans,3
18121,1,kmeans,3
18122,3,kmeans,3
18123,1,kmeans,3
18125,3,kmeans,3
18126,2,kmeans,3
18127,1,kmeans,3
18129,2,kmeans,3
18130,1,kmeans,3
18133,2,kmeans,3
18135,1,kmeans,3
18136,1,kmeans,3
18138,2,kmeans,3
18139,1,kmeans,3
18142,1,kmeans,3
18143,1,kmeans,3
18144,3,kmeans,3
18145,3,kmeans,3
18146,2,kmeans,3
18147,2,kmeans,3
18149,1,kmeans,3
18150,1,kmeans,3
18151,1,kmeans,3
18154,1,kmeans,3
18155,2,kmeans,3
18156,3,kmeans,3
18158,1,kmeans,3
18159,1,kmeans,3
18160,1,kmeans,3
18161,3,kmeans,3
18164,1,kmeans,3
18165,2,kmeans,3
18167,1,kmeans,3
18168,1,kmeans,3
18169,2,kmeans,3
18170,1,kmeans,3
18171,1,kmeans,3
18172,3,kmeans,3
18173,1,kmeans,3
18174,2,kmeans,3
18176,1,kmeans,3
18177,3,kmeans,3
18178,1,kmeans,3
18179,3,kmeans,3
18180,3,kmeans,3
18181,1,kmeans,3
18183,1,kmeans,3
18184,2,kmeans,3
18185,2,kmeans,3
18188,3,kmeans,3
18189,1,kmeans,3
18190,2,kmeans,3
18191,2,kmeans,3
18192,1,kmeans,3
18193,2,kmeans,3
18194,1,kmeans,3
18196,1,kmeans,3
18198,3,kmeans,3
18200,2,kmeans,3
18202,1,kmeans,3
18203,2,kmeans,3
18204,1,kmeans,3
18205,1,kmeans,3
18209,2,kmeans,3
18210,3,kmeans,3
18211,1,kmeans,3
18212,2,kmeans,3
18213,2,kmeans,3
18215,2,kmeans,3
18216,1,kmeans,3
18217,1,kmeans,3
18218,1,kmeans,3
18219,3,kmeans,3
18220,2,kmeans,3
18221,1,kmeans,3
18222,1,kmeans,3
18223,3,kmeans,3
18224,2,kmeans,3
18225,3,kmeans,3
18226,3,kmeans,3
18227,2,kmeans,3
18228,1,kmeans,3
18229,3,kmeans,3
18230,3,kmeans,3
18231,1,kmeans,3
18232,1,kmeans,3
18233,2,kmeans,3
18235,1,kmeans,3
18236,1,kmeans,3
18237,3,kmeans,3
18239,1,kmeans,3
18240,2,kmeans,3
18241,3,kmeans,3
18242,1,kmeans,3
18245,3,kmeans,3
18246,1,kmeans,3
18248,1,kmeans,3
18249,2,kmeans,3
18250,2,kmeans,3
18251,1,kmeans,3
18252,1,kmeans,3
18255,2,kmeans,3
18257,3,kmeans,3
18259,3,kmeans,3
18260,1,kmeans,3
18261,2,kmeans,3
18262,2,kmeans,3
18263,1,kmeans,3
18265,1,kmeans,3
18268,2,kmeans,3
18269,2,kmeans,3
18270,2,kmeans,3
18272,3,kmeans,3
18273,2,kmeans,3
18274,2,kmeans,3
18276,2,kmeans,3
18277,2,kmeans,3
18278,2,kmeans,3
18280,2,kmeans,3
18281,2,kmeans,3
18282,2,kmeans,3
18283,3,kmeans,3
18287,1,kmeans,3
